CMD, VAAST -m pvaast --enable_splice_sites y -r 0.05 --region /mnt/san/xing/brz_wgs/VAAST_JUN_3/ADHD.bed -pv_control /mnt/san/xing/brz_wgs/VAAST_JUN_3/CTL/ADHD_recessive.ctl -o /mnt/san/xing/brz_wgs/VAAST_JUN_3/Result/ADHD_REC_5/ADHD_REC_5 /nfs/XingLab_ISI/TS_Exome_Yale/VAAST/Data/refGene_hg19.gff3 /mnt/san/xing/brz_wgs/VAAST_JUN_3/bg_gtex.cdr -d 2000 -min_suc 50 -p 32 -o /mnt/san/xing/brz_wgs/VAAST_JUN_3/Result/ADHD_REC_5/ADHD_REC_5-run1 -max_time 300
Rank,Gene,FullName,Found in Pathway,mRNA,Chr,Score,PValue,LOD_Score,LOD_PValue,Strand,StandardName,Start,End,Description,Type,Synonym,pLI,ASD,ADHD,Textmining,Experiments,Knowledge,MousePheno,TissueML,GTEx,BrainSpan,#ofVar,VarType,VarScore,VarLODScore,VarPosition,nAllele,Ref,GenoType,Parsed_Genotype,gnomad_AF,ExAC_nonpsych_AF,PolyPhen,SIFT
1,WTIP,Homo sapiens Wilms tumor 1 interacting protein (WTIP) mRNA.,Transcription Factor,NM_001080436,chr19,53.87,1e-06,1.20,4e-04,+,WTIP,34481758,34512304,WT1 interacting protein,protein_coding,NA,0.00279904745490993,0,0,2.55:Chromosome 19q13.11 deletion syndrome|2.02:Hypospadias|1.59:Intellectual disability|1.54:Ectodermal dysplasia,NA,NA,NA,NA,40.23:Artery - Tibial|25.12:Artery - Aorta|23.12:Artery - Coronary|16.86:Nerve - Tibial|16.65:Cervix - Ectocervix|12.97:Uterus|11.60:Ovary|11.58:Cervix - Endocervix|11.32:Adipose - Subcutaneous|9.87:Fallopian Tube|9.01:Lung|7.31:Breast - Mammary Tissue|6.97:Prostate|6.76:Esophagus - Gastroesophageal Junction|6.52:Esophagus - Muscularis|6.32:Bladder|6.10:Adipose - Visceral (Omentum)|5.99:Vagina|5.89:Thyroid|5.17:Colon - Sigmoid|5.01:Cells - Cultured fibroblasts|4.59:Skin - Sun Exposed (Lower leg)|4.36:Testis|3.57:Brain - Cerebellum|3.23:Brain - Cerebellar Hemisphere|2.99:Kidney - Medulla|2.95:Skin - Not Sun Exposed (Suprapubic)|2.59:Colon - Transverse|2.58:Heart - Atrial Appendage|2.56:Spleen|2.52:Minor Salivary Gland|2.47:Small Intestine - Terminal Ileum|2.39:Kidney - Cortex|2.05:Stomach|1.96:Heart - Left Ventricle|1.82:Esophagus - Mucosa|1.72:Pituitary|1.67:Brain - Anterior cingulate cortex (BA24)|1.66:Brain - Cortex|1.38:Brain - Frontal Cortex (BA9)|1.24:Brain - Hypothalamus|1.23:Brain - Amygdala|1.03:Muscle - Skeletal|1.02:Brain - Substantia nigra|1.01:Adrenal Gland|0.98:Brain - Nucleus accumbens (basal ganglia)|0.93:Brain - Hippocampus|0.83:Brain - Caudate (basal ganglia)|0.72:Pancreas|0.72:Brain - Putamen (basal ganglia)|0.70:Brain - Spinal cord (cervical c-1)|0.29:Liver|0.19:Cells - EBV-transformed lymphocytes|0.04:Whole Blood,"7.63:primary motor-sensory cortex (samples)|6.39:upper (rostral) rhombic lip|5.33:cerebellum|4.42:dorsal thalamus|3.81:ventrolateral prefrontal cortex|3.42:striatum|3.41:anterior (rostral) cingulate (medial prefrontal) cortex|3.15:orbital frontal cortex|3.13:dorsolateral prefrontal cortex|3.11:mediodorsal nucleus of thalamus|3.00:hippocampus (hippocampal formation)|2.98:posterior (caudal) superior temporal cortex (area 22c)|2.91:cerebellar cortex|2.84:primary motor cortex (area M1, area 4)|2.75:amygdaloid complex|2.74:primary auditory cortex (core)|2.63:posteroventral (inferior) parietal cortex|2.51:inferolateral temporal cortex (area TEv, area 20)|2.47:primary somatosensory cortex (area S1, areas 3,1,2)|2.13:medial ganglionic eminence|2.08:parietal neocortex|1.99:primary visual cortex (striate cortex, area V1/17)|1.96:occipital neocortex|1.75:lateral ganglionic eminence|1.40:caudal ganglionic eminence|0.97:temporal neocortex",2,SNP,43.45,"12|0.602060009555289;27|0.602059999132221;0-11,13-26,28-46|0",34973087,NA,G|E,"N|0|^:^|^:^;N|8|^:^|^:^;N|18-19|^:^|^:^;N|22-23|^:^|^:^;N|30|^:^|^:^;N|31-32|^:^|^:^;N|35|A:G|K:E;N|36|^:^|^:^;N|39|A:A|K:K;N|38,40-41|A:G|K:E;N|37|^:^|^:^;N|42|A:G|K:E;N|53|A:G|K:E;N|56|^:^|^:^;N|61-62|A:G|K:E;N|64|^:^|^:^;N|69|^:^|^:^;N|77|A:G|K:E;N|74-75|^:^|^:^;N|78|^:^|^:^;N|81-83,85|^:^|^:^;N|87|^:^|^:^;N|92|A:A|K:K;N|93-94|A:G|K:E;N|95,98|A:G|K:E;N|96|^:^|^:^;N|99,102|^:^|^:^;N|103|^:^|^:^;N|119|^:^|^:^;N|123|^:^|^:^;N|126|A:G|K:E;N|132-133,135-136|^:^|^:^;N|138-140|A:G|K:E;N|137|^:^|^:^;N|141-142|^:^|^:^;N|144|A:G|K:E;N|143,145-146|^:^|^:^;N|147,150|A:G|K:E;N|148-149|^:^|^:^;N|152-153,155|^:^|^:^;N|156,158-164|^:^|^:^","N|1027:LP6005170-DNA_G01(A)|A:G|K:E;N|1035:2743-SL-0030(A)|A:A|K:K;N|1035:05C50238(U),1035:SL128057(U),1035:SL128117(U)|A:G|K:E;N|1042:SL127710(U)|A:G|K:E;N|1051:SL128076(U)|A:G|K:E;N|1063:SL128036(A),1063:SL128097(U)|A:G|K:E;N|1077:SL128102(U)|A:G|K:E;N|2009:2743-SL-0035(A)|A:A|K:K;N|2009:SL128047(U),2009:SL128086(U)|A:G|K:E;N|2018:07C70334(A),2018:SL128110(U)|A:G|K:E;N|2055:SL127723(U)|A:G|K:E;N|2073:MH0160135(A),2073:MH0160147(A),2073:MH0160342(U)|A:G|K:E;N|2080:MH0165173(U)|A:G|K:E;N|2088:MH0186884(U),2088:MH0186906(A)|A:G|K:E",0.0483,0,B,T
,,,,,,,,,,,,,,,,,,,,,,,,,,,,SNP,4.87,0-46|0,34981373,NA,G|D,"N|30|^:^|^:^;N|36|^:^|^:^;N|38,41|A:G|N:D;N|68,70,72|A:G|N:D;N|78|^:^|^:^;N|103|^:^|^:^;N|123|^:^|^:^","N|1035:05C50238(U),1035:SL128117(U)|A:G|N:D;N|1072:07C69064(U),1072:2743-SL-0029(A),1072:SL128065(U)|A:G|N:D",0.0001,0.0001,B,T
2,TRPV3,Homo sapiens transient receptor potential cation channel subfamily V member 3 (TRPV3) mRNA.,Ion channel activity;Neurological system process,NM_145068,chr17,52.01,1e-06,0.60,8e-03,-,TRPV3,3510502,3557812,transient receptor potential cation channel subfamily V member 3,protein_coding,"FNEPPK2,OLMS,VRL3",8.74042179448203e-14,0,0,2.29:Erythromelalgia|2.22:Keratosis|2.21:Pain agnosia|2.10:Alopecia|2.09:Pain disorder|2.02:Migraine|1.99:Dermatitis|1.91:Neuropathy|1.90:Brachyolmia|1.82:Mucolipidosis|1.81:Rosacea|1.69:Adult respiratory distress syndrome|1.60:Irritable bowel syndrome|1.57:Gastrointestinal system disease|1.55:Allergic hypersensitivity disease|1.54:Arthritis,0.70:Carcinoma,4.00:Palmoplantar keratosis,NA,0.65:testis|0.52:liver|0.52:nervous system|0.48:autism spectrum disorder|0.48:central nervous system|0.45:placenta|0.45:pancreas|0.43:brain|0.42:prostate gland|0.40:fetus|0.40:lung|0.39:heart|0.37:kidney|0.37:ovary|0.32:skeletal muscle|0.30:thalamus|0.27:intestine|0.26:cerebellum|0.26:gastrointestinal tract|0.26:lymph node|0.26:spinal cord|0.24:spleen|0.24:colon|0.23:large intestine|0.23:amygdala|0.21:adrenal gland|0.21:diencephalon|0.20:cerebral cortex|0.20:mammary gland|0.20:temporal lobe|0.19:blood|0.19:uterus|0.19:small intestine|0.19:hypophysis|0.19:forebrain|0.19:telencephalon|0.18:corpus callosum|0.18:hippocampus|0.18:basal ganglion|0.18:corpus striatum|0.18:caudate nucleus|0.18:thyroid gland|0.16:substantia nigra|0.16:leukocyte|0.16:midbrain|0.15:subthalamic nucleus|0.12:stomach|0.10:retinal disease,19.74:Skin - Sun Exposed (Lower leg)|17.81:Nerve - Tibial|17.55:Skin - Not Sun Exposed (Suprapubic)|9.30:Testis|4.68:Cells - EBV-transformed lymphocytes|4.44:Brain - Spinal cord (cervical c-1)|3.68:Brain - Cortex|3.47:Brain - Nucleus accumbens (basal ganglia)|3.36:Brain - Caudate (basal ganglia)|3.16:Brain - Putamen (basal ganglia)|2.96:Brain - Frontal Cortex (BA9)|2.94:Small Intestine - Terminal Ileum|2.85:Brain - Amygdala|2.84:Brain - Hippocampus|2.75:Brain - Substantia nigra|2.36:Pituitary|2.11:Brain - Anterior cingulate cortex (BA24)|2.05:Brain - Hypothalamus|1.91:Muscle - Skeletal|1.89:Ovary|1.87:Brain - Cerebellum|1.75:Vagina|1.71:Cervix - Ectocervix|1.66:Colon - Transverse|1.43:Bladder|1.34:Adipose - Subcutaneous|1.32:Brain - Cerebellar Hemisphere|1.26:Esophagus - Gastroesophageal Junction|1.19:Adipose - Visceral (Omentum)|1.18:Cervix - Endocervix|1.13:Spleen|1.11:Breast - Mammary Tissue|1.08:Colon - Sigmoid|1.01:Esophagus - Mucosa|1.01:Heart - Atrial Appendage|0.96:Esophagus - Muscularis|0.93:Fallopian Tube|0.90:Stomach|0.79:Cells - Cultured fibroblasts|0.78:Artery - Coronary|0.75:Minor Salivary Gland|0.67:Lung|0.63:Prostate|0.58:Thyroid|0.55:Liver|0.51:Adrenal Gland|0.50:Uterus|0.42:Artery - Aorta|0.37:Pancreas|0.35:Heart - Left Ventricle|0.23:Artery - Tibial|0.22:Kidney - Cortex|0.22:Kidney - Medulla|0.11:Whole Blood,"0.90:mediodorsal nucleus of thalamus|0.64:striatum|0.62:amygdaloid complex|0.57:posterior (caudal) superior temporal cortex (area 22c)|0.54:primary somatosensory cortex (area S1, areas 3,1,2)|0.54:primary motor cortex (area M1, area 4)|0.53:hippocampus (hippocampal formation)|0.43:primary auditory cortex (core)|0.43:orbital frontal cortex|0.40:posteroventral (inferior) parietal cortex|0.38:ventrolateral prefrontal cortex|0.38:primary visual cortex (striate cortex, area V1/17)|0.37:dorsolateral prefrontal cortex|0.35:inferolateral temporal cortex (area TEv, area 20)|0.34:cerebellar cortex|0.32:anterior (rostral) cingulate (medial prefrontal) cortex|0.15:upper (rostral) rhombic lip|0.12:parietal neocortex|0.11:cerebellum|0.10:dorsal thalamus|0.10:occipital neocortex|0.09:temporal neocortex|0.09:medial ganglionic eminence|0.08:lateral ganglionic eminence|0.07:primary motor-sensory cortex (samples)|0.07:caudal ganglionic eminence",6,SNP,5.53,"8|0.601756221952324;0-7,9-46|0",3417263,NA,G|T,N|30|A:G|I:T,N|1021:LP6005170-DNA_C01(A)|A:G|I:T,0.0017,0.0029,D,T
,,,,,,,,,,,,,,,,,,,,,,,,,,,,SNP,3.80,"8|0.601756221952324;0-7,9-46|0",3431387,NA,T|M,N|0|^:^|^:^;N|34|A:T|L:M;N|45-47|A:T|L:M,"N|1022:SL127729(A)|A:T|L:M;N|1046:07C65307(A),1046:SL128074(U),1046:SL128109(A)|A:T|L:M",0.0172,0.0190,B,T
,,,,,,,,,,,,,,,,,,,,,,,,,,,,SNP,9.20,"8|0.601669380499252;0-7,9-46|0",3433452,NA,G|R,N|27-28|A:G|W:R,"N|1019:SL127700(A),1019:SL127707(U)|A:G|W:R",8.131e-06,NA,D,D
,,,,,,,,,,,,,,,,,,,,,,,,,,,,SNP,9.18,"8|0.601669380499252;0-7,9-46|0",3433458,NA,G|R,"N|74,77|A:G|W:R;N|88|^:^|^:^;N|100|^:^|^:^","N|1077:07C65371(A),1077:SL128102(U)|A:G|W:R",0.0027,0.0026,P,D
,,,,,,,,,,,,,,,,,,,,,,,,,,,,SNP,6.88,"8|0.601669380499252;0-7,9-46|0",3445867,NA,C|D,N|8|^:^|^:^;N|35|C:T|D:N;N|96|^:^|^:^,N|1027:LP6005170-DNA_G01(A)|C:T|D:N,0.0081,0.0122,B,T
,,,,,,,,,,,,,,,,,,,,,,,,,,,,SNP,11.44,"8|0.601756221952324;0-7,9-46|0",3446840,NA,C|V,N|30|C:T|V:M;N|45-47|C:T|V:M,"N|1021:LP6005170-DNA_C01(A)|C:T|V:M;N|1046:07C65307(A),1046:SL128074(U),1046:SL128109(A)|C:T|V:M",0.0149,0.0252,D,D
3,SHPK,Homo sapiens sedoheptulokinase (SHPK) mRNA.,,NM_018727,chr17,26.69,1e-06,1.83,2e-06,-,SHPK,3608240,3636250,sedoheptulokinase,protein_coding,"CARKL,SHK",0.00000397287394987282,0,0,2.53:Cystinosis|1.76:Canavan disease|1.74:Fanconi syndrome,0.61:Carcinoma,NA,4.56:abnormal retina morphology,0.75:liver|0.66:testis|0.65:fetus|0.61:nervous system|0.60:kidney|0.59:pancreas|0.59:ovary|0.59:placenta|0.57:central nervous system|0.54:brain|0.51:gastrointestinal tract|0.49:prostate gland|0.46:blood|0.45:intestine|0.44:lung|0.43:spleen|0.40:autism spectrum disorder|0.39:leukocyte|0.38:heart|0.37:small intestine|0.36:skeletal muscle|0.34:colon|0.34:large intestine|0.29:forebrain|0.28:cerebellum|0.27:telencephalon|0.26:cerebral cortex|0.26:mammary gland|0.23:lymph node|0.23:temporal lobe|0.22:basal ganglion|0.20:thyroid gland|0.19:spinal cord|0.19:hippocampus|0.19:adrenal gland|0.18:corpus striatum|0.18:uterus|0.18:caudate nucleus|0.17:diencephalon|0.16:amygdala|0.16:substantia nigra|0.16:midbrain|0.15:hypophysis|0.14:thalamus|0.14:stomach|0.12:negative regulation of protein modification process|0.11:corpus callosum|0.10:bone marrow|0.10:subthalamic nucleus,24.40:Cervix - Ectocervix|23.88:Nerve - Tibial|18.69:Skin - Sun Exposed (Lower leg)|18.55:Cervix - Endocervix|18.45:Ovary|17.04:Vagina|16.77:Liver|15.97:Cells - EBV-transformed lymphocytes|15.71:Skin - Not Sun Exposed (Suprapubic)|15.30:Adrenal Gland|15.10:Adipose - Subcutaneous|15.03:Esophagus - Mucosa|14.45:Breast - Mammary Tissue|14.31:Small Intestine - Terminal Ileum|14.16:Cells - Cultured fibroblasts|14.04:Thyroid|13.98:Fallopian Tube|13.91:Uterus|12.35:Prostate|12.31:Minor Salivary Gland|11.53:Brain - Cerebellum|11.40:Stomach|11.37:Bladder|11.24:Lung|10.97:Testis|10.82:Adipose - Visceral (Omentum)|10.72:Artery - Aorta|10.21:Colon - Transverse|10.02:Kidney - Cortex|9.88:Brain - Cerebellar Hemisphere|9.74:Artery - Coronary|9.61:Pituitary|9.22:Artery - Tibial|9.03:Esophagus - Gastroesophageal Junction|8.21:Spleen|8.11:Kidney - Medulla|8.01:Colon - Sigmoid|7.90:Esophagus - Muscularis|7.83:Pancreas|5.60:Brain - Cortex|5.42:Brain - Spinal cord (cervical c-1)|4.85:Brain - Frontal Cortex (BA9)|4.59:Brain - Caudate (basal ganglia)|4.57:Heart - Atrial Appendage|4.53:Brain - Hypothalamus|4.13:Brain - Anterior cingulate cortex (BA24)|4.03:Brain - Substantia nigra|4.01:Brain - Amygdala|3.93:Brain - Nucleus accumbens (basal ganglia)|3.84:Brain - Putamen (basal ganglia)|3.61:Brain - Hippocampus|3.17:Heart - Left Ventricle|2.99:Muscle - Skeletal|1.97:Whole Blood,"9.46:occipital neocortex|9.10:temporal neocortex|8.91:caudal ganglionic eminence|7.56:parietal neocortex|7.01:lateral ganglionic eminence|6.98:medial ganglionic eminence|6.16:upper (rostral) rhombic lip|4.46:cerebellum|3.85:amygdaloid complex|3.73:hippocampus (hippocampal formation)|3.55:cerebellar cortex|3.39:mediodorsal nucleus of thalamus|3.22:dorsal thalamus|3.15:primary motor cortex (area M1, area 4)|3.12:posterior (caudal) superior temporal cortex (area 22c)|3.10:primary somatosensory cortex (area S1, areas 3,1,2)|3.08:primary visual cortex (striate cortex, area V1/17)|3.03:posteroventral (inferior) parietal cortex|2.99:ventrolateral prefrontal cortex|2.94:orbital frontal cortex|2.89:dorsolateral prefrontal cortex|2.88:striatum|2.82:primary auditory cortex (core)|2.80:anterior (rostral) cingulate (medial prefrontal) cortex|2.64:inferolateral temporal cortex (area TEv, area 20)|2.57:primary motor-sensory cortex (samples)",2,SNP,3.94,46|1.82809001947226;0-45|0,3477195,NA,G|T,N|8|^:^|^:^;N|102|^:^|^:^;N|136|^:^|^:^;N|148|A:G|M:T,N|2088:MH0186896(A)|A:G|M:T,0.0012,0.0015,B,T
,,,,,,,,,,,,,,,,,,,,,,,,,,,,SNP,16.28,46|1.82809001947226;0-45|0,3495391,NA,T|Q,"N|19,21|C:T|R:Q;N|58,60|C:T|R:Q;N|95-97|C:T|R:Q;N|123|C:T|R:Q;N|137|^:^|^:^;N|158,160|C:C|R:R;N|156,159,161,163|C:T|R:Q","N|1011:04C32335(U),1011:SL127746(U)|C:T|R:Q;N|1061:2743-SL-0037(A),1061:SL128081(A)|C:T|R:Q;N|2018:07C70334(A),2018:08C75494(U),2018:SL128095(U)|C:T|R:Q;N|2054:LP6005170-DNA_A04(U)|C:T|R:Q;N|2105:MH0181701(A),2105:MH0181703(A)|C:C|R:R;N|2105:MH0181699(U),2105:MH0181702(U),2105:MH0181704(U),2105:MH0181706(U)|C:T|R:Q",0.0281,0.0257,P,T
4,ACADVL,Homo sapiens acyl-CoA dehydrogenase very long chain (ACADVL) nuclear gene encoding mitochondrial protein transcript variant 2 mRNA.,,NM_000018,chr17,27.87,3e-06,0.62,4e-03,+,ACADVL,7217125,7225267,acyl-CoA dehydrogenase very long chain,protein_coding,"ACAD6,LCACD,VLCAD",1.31058372898069e-7,0,0,2.64:Multiple acyl-CoA dehydrogenase deficiency|2.51:Hypoglycemia|2.51:Systemic primary carnitine deficiency disease|2.49:Lipid metabolism disorder|2.22:Myopathy|2.14:3-Methylcrotonyl-CoA carboxylase deficiency|2.04:Organic acidemia|1.88:Metabolic acidosis|1.88:Obesity|1.86:Complement component 2 deficiency|1.81:Glycogen storage disease|1.75:Heart disease|1.74:Lysosomal storage disease|1.73:Biotinidase deficiency|1.71:Urea cycle disorder|1.71:Reye syndrome|1.67:Diabetes mellitus|1.66:Hyperlysinemia|1.65:Tyrosinemia|1.62:Sudden infant death syndrome|1.60:Brain disease|1.56:beta-ketothiolase deficiency|1.50:Leigh disease,0.68:Carcinoma,5.00:Very long chain acyl-CoA dehydrogenase deficiency|4.00:Cardiomyopathy,NA,0.91:liver|0.79:blood|0.79:kidney|0.78:pancreas|0.74:blood plasma|0.70:ovary|0.68:leukocyte|0.65:tear gland|0.64:placenta|0.59:heart|0.57:skeletal muscle|0.56:pancreatic islet|0.54:testis|0.49:muscle|0.48:prostate gland|0.48:lymph node|0.47:lung|0.46:amino acid metabolic disorder|0.46:central nervous system|0.46:fetus|0.44:serum|0.43:nervous system|0.42:spleen|0.41:mammary gland|0.40:neutrophil|0.40:autism spectrum disorder|0.35:brain|0.34:cardiac muscle|0.32:renal tubule|0.28:skin|0.28:mononuclear phagocyte|0.28:granulocyte|0.27:blood platelet|0.26:gastrointestinal tract|0.26:monocyte|0.25:large intestine|0.25:intestine|0.25:adrenal gland|0.25:colon|0.24:eye|0.24:uterine endometrium|0.24:forebrain|0.24:uterus|0.23:lymphocyte|0.20:erythrocyte|0.20:thyroid gland|0.19:organic acid catabolic process|0.19:carboxylic acid catabolic process|0.19:cerebral cortex|0.19:small molecule catabolic process|0.18:bone marrow|0.18:small intestine|0.18:hypophysis|0.17:bile acid metabolic process|0.16:fatty acid metabolic process|0.16:stomach|0.16:temporal lobe|0.16:blood vessel|0.15:muscle tissue disease|0.15:muscular disease|0.15:hippocampus|0.15:cerebellum|0.15:renal proximal tubule|0.14:myopathy|0.14:peripheral nervous system disease|0.14:bile duct|0.14:hepatocyte|0.13:neuropathy|0.12:negative regulation of protein modification process|0.12:monocarboxylic acid metabolic process|0.12:nephron|0.11:macrophage|0.11:telencephalon|0.11:movement disease|0.10:cerebellar disease|0.10:regulation of protein catabolic process,901.90:Adrenal Gland|722.13:Thyroid|698.60:Pituitary|616.00:Liver|595.52:Muscle - Skeletal|572.73:Kidney - Medulla|549.76:Prostate|528.61:Heart - Left Ventricle|474.82:Breast - Mammary Tissue|470.94:Adipose - Visceral (Omentum)|464.80:Cervix - Endocervix|459.90:Bladder|459.75:Fallopian Tube|451.75:Cervix - Ectocervix|449.53:Uterus|433.20:Spleen|431.58:Lung|425.93:Vagina|419.61:Ovary|411.11:Esophagus - Mucosa|405.84:Small Intestine - Terminal Ileum|405.37:Colon - Transverse|396.80:Esophagus - Gastroesophageal Junction|396.32:Stomach|392.22:Colon - Sigmoid|387.20:Heart - Atrial Appendage|372.74:Esophagus - Muscularis|367.91:Adipose - Subcutaneous|360.38:Minor Salivary Gland|358.60:Kidney - Cortex|349.77:Nerve - Tibial|348.98:Skin - Not Sun Exposed (Suprapubic)|331.95:Pancreas|330.62:Artery - Coronary|323.17:Brain - Cerebellum|290.23:Artery - Aorta|287.37:Skin - Sun Exposed (Lower leg)|278.75:Brain - Cerebellar Hemisphere|274.72:Testis|247.04:Artery - Tibial|209.13:Cells - EBV-transformed lymphocytes|202.85:Cells - Cultured fibroblasts|166.99:Brain - Cortex|141.29:Brain - Frontal Cortex (BA9)|130.69:Brain - Spinal cord (cervical c-1)|130.09:Brain - Hypothalamus|129.98:Brain - Substantia nigra|127.32:Brain - Caudate (basal ganglia)|124.25:Brain - Anterior cingulate cortex (BA24)|121.36:Brain - Nucleus accumbens (basal ganglia)|113.91:Whole Blood|111.72:Brain - Hippocampus|111.50:Brain - Putamen (basal ganglia)|106.59:Brain - Amygdala,"52.05:cerebellar cortex|45.88:mediodorsal nucleus of thalamus|34.50:primary motor cortex (area M1, area 4)|34.27:striatum|33.49:amygdaloid complex|31.99:hippocampus (hippocampal formation)|31.53:primary auditory cortex (core)|29.89:posterior (caudal) superior temporal cortex (area 22c)|27.19:primary visual cortex (striate cortex, area V1/17)|26.92:ventrolateral prefrontal cortex|26.63:inferolateral temporal cortex (area TEv, area 20)|25.51:orbital frontal cortex|25.23:anterior (rostral) cingulate (medial prefrontal) cortex|24.59:dorsolateral prefrontal cortex|22.98:cerebellum|22.64:posteroventral (inferior) parietal cortex|21.84:primary somatosensory cortex (area S1, areas 3,1,2)|19.75:occipital neocortex|19.71:primary motor-sensory cortex (samples)|19.47:upper (rostral) rhombic lip|18.25:lateral ganglionic eminence|17.59:parietal neocortex|17.37:medial ganglionic eminence|16.41:caudal ganglionic eminence|16.38:temporal neocortex|10.32:dorsal thalamus",4,SNP,3.52,"10|0.624041418396576;0-9,11-46|0",7123488,NA,G|R,"N|45,47-48|A:G|Q:R;N|60|^:^|^:^;N|80|^:^|^:^;N|102|^:^|^:^","N|1046:07C65307(A),1046:SL128109(A),1046:SL128120(U)|A:G|Q:R",NA,NA,B,T
,,,,,,,,,,,,,,,,,,,,,,,,,,,,SNP,16.07,"10|0.624041418396576;0-9,11-46|0",7123506,NA,G|G,"N|0-2|A:G|D:G;N|35|A:G|D:G;N|83|^:^|^:^;N|99,102|A:G|D:G;N|103|A:G|D:G","N|1003:04C37033(U),1003:04C38287(U),1003:SL127741(U)|A:G|D:G;N|1027:LP6005170-DNA_G01(A)|A:G|D:G;N|2028:08C73255(U),2028:SL128127(A)|A:G|D:G;N|2037:LP6005170-DNA_B03(A)|A:G|D:G",0.0364,0.0315,B,T
,,,,,,,,,,,,,,,,,,,,,,,,,,,,SNP,2.17,"10|0.624041418396576;0-9,11-46|0",7126173,NA,A|I,N|35|A:G|I:V,N|1027:LP6005170-DNA_G01(A)|A:G|I:V,0.0008,0.0013,D,T
,,,,,,,,,,,,,,,,,,,,,,,,,,,,SNP,5.23,"10|0.624041418396576;0-9,11-46|0",7128292,NA,G|R,N|5-6|A:G|Q:R,"N|1004:2743-SL-0026(A),1004:SL127719(A)|A:G|Q:R",0.0028,0.0031,B,T
5,OR1E2,Homo sapiens olfactory receptor family 1 subfamily E member 2 (OR1E2) mRNA.,,NM_003554,chr17,26.53,1e-04,1.23,1e-04,-,OR1E2,3432870,3433841,olfactory receptor family 1 subfamily E member 2,protein_coding,"OR17-135,OR17-136,OR17-93,OR1E4,OR1E7,OST529",0.0208740723340844,0,0,2.29:Aicardi syndrome|1.85:Hereditary fructose intolerance syndrome|1.58:Dyslexia,NA,NA,NA,NA,0.07:Testis|0.00:Whole Blood|0.00:Vagina|0.00:Uterus|0.00:Thyroid|0.00:Stomach|0.00:Spleen|0.00:Small Intestine - Terminal Ileum|0.00:Skin - Sun Exposed (Lower leg)|0.00:Skin - Not Sun Exposed (Suprapubic)|0.00:Prostate|0.00:Pituitary|0.00:Pancreas|0.00:Ovary|0.00:Nerve - Tibial|0.00:Muscle - Skeletal|0.00:Minor Salivary Gland|0.00:Lung|0.00:Liver|0.00:Kidney - Medulla|0.00:Kidney - Cortex|0.00:Heart - Left Ventricle|0.00:Heart - Atrial Appendage|0.00:Fallopian Tube|0.00:Esophagus - Muscularis|0.00:Esophagus - Mucosa|0.00:Esophagus - Gastroesophageal Junction|0.00:Colon - Transverse|0.00:Colon - Sigmoid|0.00:Cervix - Endocervix|0.00:Cervix - Ectocervix|0.00:Cells - EBV-transformed lymphocytes|0.00:Cells - Cultured fibroblasts|0.00:Breast - Mammary Tissue|0.00:Brain - Substantia nigra|0.00:Brain - Spinal cord (cervical c-1)|0.00:Brain - Putamen (basal ganglia)|0.00:Brain - Nucleus accumbens (basal ganglia)|0.00:Brain - Hypothalamus|0.00:Brain - Hippocampus|0.00:Brain - Frontal Cortex (BA9)|0.00:Brain - Cortex|0.00:Brain - Cerebellum|0.00:Brain - Cerebellar Hemisphere|0.00:Brain - Caudate (basal ganglia)|0.00:Brain - Anterior cingulate cortex (BA24)|0.00:Brain - Amygdala|0.00:Bladder|0.00:Artery - Tibial|0.00:Artery - Coronary|0.00:Artery - Aorta|0.00:Adrenal Gland|0.00:Adipose - Visceral (Omentum)|0.00:Adipose - Subcutaneous,"0.02:medial ganglionic eminence|0.00:ventrolateral prefrontal cortex|0.00:upper (rostral) rhombic lip|0.00:temporal neocortex|0.00:striatum|0.00:primary visual cortex (striate cortex, area V1/17)|0.00:primary somatosensory cortex (area S1, areas 3,1,2)|0.00:primary motor-sensory cortex (samples)|0.00:primary motor cortex (area M1, area 4)|0.00:primary auditory cortex (core)|0.00:posteroventral (inferior) parietal cortex|0.00:posterior (caudal) superior temporal cortex (area 22c)|0.00:parietal neocortex|0.00:orbital frontal cortex|0.00:occipital neocortex|0.00:mediodorsal nucleus of thalamus|0.00:lateral ganglionic eminence|0.00:inferolateral temporal cortex (area TEv, area 20)|0.00:hippocampus (hippocampal formation)|0.00:dorsolateral prefrontal cortex|0.00:dorsal thalamus|0.00:cerebellum|0.00:cerebellar cortex|0.00:caudal ganglionic eminence|0.00:anterior (rostral) cingulate (medial prefrontal) cortex|0.00:amygdaloid complex",2,SNP,5.77,"10|0.62386813169345;8|0.601843046043375;0-7,9,11-46|0",3336679,NA,C|V,N|30|C:G|V:L;N|35|C:G|V:L,N|1021:LP6005170-DNA_C01(A)|C:G|V:L;N|1027:LP6005170-DNA_G01(A)|C:G|V:L,0.0055,0.0115,B,T
,,,,,,,,,,,,,,,,,,,,,,,,,,,,del,15.13,"10|0.62386813169345;8|0.601843046043375;0-7,9,11-46|0",3336401,NA,CTTGCAGATA|GICK,30|-:CTTGCAGATA|-:GICK;35|-:CTTGCAGATA|-:GICK;102|^:^|^:^;135|^:^|^:^,1021:LP6005170-DNA_C01(A)|-:CTTGCAGATA|-:GICK;1027:LP6005170-DNA_G01(A)|-:CTTGCAGATA|-:GICK,0.0072,0.0132,NA,NA
6,PSG1,Homo sapiens pregnancy specific beta-1-glycoprotein 1 (PSG1) transcript variant 1 mRNA.,,NM_001184825,chr19,13.68,9e-03,0.85,2e-02,-,PSG8,42752686,42765692,pregnancy specific beta-1-glycoprotein 8,protein_coding,PSG1,1.92926054362959e-10,0,0,1.52:Takayasu's arteritis,1.07:Carcinoma|0.54:Kidney cancer,NA,NA,NA,0.38:Testis|0.04:Pituitary|0.02:Minor Salivary Gland|0.02:Adipose - Visceral (Omentum)|0.02:Adipose - Subcutaneous|0.02:Breast - Mammary Tissue|0.00:Whole Blood|0.00:Vagina|0.00:Uterus|0.00:Thyroid|0.00:Stomach|0.00:Spleen|0.00:Small Intestine - Terminal Ileum|0.00:Skin - Sun Exposed (Lower leg)|0.00:Skin - Not Sun Exposed (Suprapubic)|0.00:Prostate|0.00:Pancreas|0.00:Ovary|0.00:Nerve - Tibial|0.00:Muscle - Skeletal|0.00:Lung|0.00:Liver|0.00:Kidney - Medulla|0.00:Kidney - Cortex|0.00:Heart - Left Ventricle|0.00:Heart - Atrial Appendage|0.00:Fallopian Tube|0.00:Esophagus - Muscularis|0.00:Esophagus - Mucosa|0.00:Esophagus - Gastroesophageal Junction|0.00:Colon - Transverse|0.00:Colon - Sigmoid|0.00:Cervix - Endocervix|0.00:Cervix - Ectocervix|0.00:Cells - EBV-transformed lymphocytes|0.00:Cells - Cultured fibroblasts|0.00:Brain - Substantia nigra|0.00:Brain - Spinal cord (cervical c-1)|0.00:Brain - Putamen (basal ganglia)|0.00:Brain - Nucleus accumbens (basal ganglia)|0.00:Brain - Hypothalamus|0.00:Brain - Hippocampus|0.00:Brain - Frontal Cortex (BA9)|0.00:Brain - Cortex|0.00:Brain - Cerebellum|0.00:Brain - Cerebellar Hemisphere|0.00:Brain - Caudate (basal ganglia)|0.00:Brain - Anterior cingulate cortex (BA24)|0.00:Brain - Amygdala|0.00:Bladder|0.00:Artery - Tibial|0.00:Artery - Coronary|0.00:Artery - Aorta|0.00:Adrenal Gland,"0.00:ventrolateral prefrontal cortex|0.00:upper (rostral) rhombic lip|0.00:temporal neocortex|0.00:striatum|0.00:primary visual cortex (striate cortex, area V1/17)|0.00:primary somatosensory cortex (area S1, areas 3,1,2)|0.00:primary motor-sensory cortex (samples)|0.00:primary motor cortex (area M1, area 4)|0.00:primary auditory cortex (core)|0.00:posteroventral (inferior) parietal cortex|0.00:posterior (caudal) superior temporal cortex (area 22c)|0.00:parietal neocortex|0.00:orbital frontal cortex|0.00:occipital neocortex|0.00:mediodorsal nucleus of thalamus|0.00:medial ganglionic eminence|0.00:lateral ganglionic eminence|0.00:inferolateral temporal cortex (area TEv, area 20)|0.00:hippocampus (hippocampal formation)|0.00:dorsolateral prefrontal cortex|0.00:dorsal thalamus|0.00:cerebellum|0.00:cerebellar cortex|0.00:caudal ganglionic eminence|0.00:anterior (rostral) cingulate (medial prefrontal) cortex|0.00:amygdaloid complex",2,SNP,2.98,0|0.851648001361508;1-46|0,43372429,NA,G|A,"N|22|^:^|^:^;N|30|^:^|^:^;N|36|^:^|^:^;N|78|^:^|^:^;N|99|^:^|^:^;N|103|^:^|^:^;N|107|^:^|^:^;N|113,115|A:G|V:A;N|123|^:^|^:^;N|127|^:^|^:^","N|2046:SL127704(A),2046:SL128130(A)|A:G|V:A",0.0003,0.0003,P,D
,,,,,,,,,,,,,,,,,,,,,,,,,,,,SNP,8.77,0|0.851648001361508;1-46|0,43373033,NA,C|R,N|0-2|C:T|R:Q;N|4|T:T|Q:Q;N|22|^:^|^:^;N|30|^:^|^:^;N|36|^:^|^:^;N|78|^:^|^:^;N|103|^:^|^:^;N|123|^:^|^:^;N|127|^:^|^:^,"N|1003:04C37033(U),1003:04C38287(U),1003:SL127741(U)|C:T|R:Q;N|1003:SL128116(A)|T:T|Q:Q",0.0058,0.0061,B,T
7,GSG2,Homo sapiens germ cell associated 2 (haspin) (GSG2) mRNA.,,NM_031965,chr17,25.79,1e-02,0.59,3e-02,+,HASPIN,3723903,3726699,histone H3 associated protein kinase,protein_coding,GSG2,NA,0,0,NA,NA,NA,NA,NA,NA,NA,6,SNP,5.63,"19|0.602059988709154;0-18,20-46|0",3627347,NA,C|R,N|8|^:^|^:^;N|45|^:^|^:^;N|61-62|C:T|R:W;N|71|^:^|^:^;N|81|^:^|^:^,"N|1063:SL128036(A),1063:SL128097(U)|C:T|R:W",0.0015,0.0014,D,D
,,,,,,,,,,,,,,,,,,,,,,,,,,,,SNP,1.51,"19|0.602059988709154;0-18,20-46|0",3627458,NA,A|R,N|23|^:^|^:^;N|45-47|A:G|R:G;N|66|^:^|^:^;N|80|^:^|^:^,"N|1046:07C65307(A),1046:SL128074(U),1046:SL128109(A)|A:G|R:G",0.0010,0.0015,B,D
,,,,,,,,,,,,,,,,,,,,,,,,,,,,SNP,6.34,"19|0.602059988709154;0-18,20-46|0",3627528,NA,G|R,"N|58,60|A:G|H:R;N|135|^:^|^:^","N|1061:2743-SL-0037(A),1061:SL128081(A)|A:G|H:R",NA,NA,D,D
,,,,,,,,,,,,,,,,,,,,,,,,,,,,SNP,3.72,"19|0.602059988709154;0-18,20-46|0",3627663,NA,G|R,"N|15,17|A:G|H:R;N|102|^:^|^:^;N|137-138|A:G|H:R;N|140|^:^|^:^;N|157|^:^|^:^","N|1010:SL127706(U),1010:SL127720(A)|A:G|H:R;N|2073:MH0160130(U),2073:MH0160135(A)|A:G|H:R",0.0107,0.0123,B,D
,,,,,,,,,,,,,,,,,,,,,,,,,,,,SNP,3.18,"19|0.602059988709154;0-18,20-46|0",3627738,NA,G|S,"N|61,63|C:G|T:S","N|1063:SL128036(A),1063:SL128108(U)|C:G|T:S",NA,NA,P,D
,,,,,,,,,,,,,,,,,,,,,,,,,,,,SNP,2.11,"19|0.602059988709154;0-18,20-46|0",3628481,NA,T|S,N|45-47|C:T|P:S,"N|1046:07C65307(A),1046:SL128074(U),1046:SL128109(A)|C:T|P:S",0.0006,0.0009,D,D
8,TNK1,Homo sapiens tyrosine kinase non-receptor 1 (TNK1) transcript variant 2 mRNA.,Stress Response;Nervous  System Development,NM_003985,chr17,13.91,1e-02,0.60,3e-03,+,TNK1,7380559,7389964,tyrosine kinase non receptor 1,protein_coding,NA,0.0000854608747197239,0,0,1.55:Alzheimer's disease,0.61:Carcinoma,NA,NA,0.71:prostate gland|0.61:placenta|0.58:testis|0.58:pancreas|0.49:central nervous system|0.48:fetus|0.48:gastrointestinal tract|0.47:autism spectrum disorder|0.47:liver|0.44:lung|0.44:ovary|0.43:colon|0.43:blood|0.42:mammary gland|0.42:intestine|0.41:uterus|0.40:heart|0.39:lymph node|0.38:large intestine|0.38:leukocyte|0.38:kidney|0.36:brain|0.34:spleen|0.33:thyroid gland|0.33:skeletal muscle|0.32:adrenal gland|0.31:nervous system|0.28:small intestine|0.28:hypophysis|0.24:telencephalon|0.22:stomach|0.20:forebrain|0.19:basal ganglion|0.18:regulation of protein serine/threonine kinase activity|0.17:caudate putamen|0.16:corpus striatum|0.16:spinal cord|0.16:diencephalon|0.15:cerebellum|0.14:trachea|0.14:positive regulation of protein kinase activity|0.14:retinal disease|0.13:caudate nucleus|0.13:temporal lobe|0.13:positive regulation of MAPK cascade|0.13:dextrocardia|0.12:positive regulation of stress-activated MAPK cascade|0.12:skin|0.12:positive regulation of protein serine/threonine kinase activity|0.12:thalamus|0.11:regulation of DNA binding transcription factor activity|0.11:eye|0.11:regulation of MAP kinase activity|0.11:hypothalamus|0.11:amygdala|0.10:positive regulation of MAP kinase activity|0.10:positive regulation of kinase activity|0.10:lymphocyte|0.10:stress-activated MAPK cascade|0.10:bone marrow,24.71:Brain - Cerebellar Hemisphere|24.57:Brain - Cerebellum|15.21:Skin - Sun Exposed (Lower leg)|14.48:Prostate|14.45:Skin - Not Sun Exposed (Suprapubic)|14.08:Small Intestine - Terminal Ileum|12.73:Minor Salivary Gland|11.75:Thyroid|11.04:Vagina|10.84:Colon - Transverse|10.61:Esophagus - Mucosa|9.48:Stomach|9.04:Breast - Mammary Tissue|8.83:Cervix - Endocervix|8.71:Nerve - Tibial|8.02:Cervix - Ectocervix|7.87:Brain - Nucleus accumbens (basal ganglia)|7.87:Kidney - Medulla|7.60:Bladder|7.41:Ovary|7.14:Uterus|6.81:Fallopian Tube|6.36:Esophagus - Muscularis|6.17:Pituitary|5.87:Lung|5.49:Spleen|5.38:Colon - Sigmoid|5.32:Esophagus - Gastroesophageal Junction|5.26:Pancreas|5.03:Adipose - Visceral (Omentum)|4.41:Testis|4.05:Adipose - Subcutaneous|3.85:Kidney - Cortex|3.85:Brain - Caudate (basal ganglia)|3.44:Liver|3.18:Artery - Coronary|2.96:Artery - Aorta|2.70:Brain - Putamen (basal ganglia)|1.51:Artery - Tibial|1.45:Brain - Cortex|1.42:Heart - Atrial Appendage|1.36:Brain - Frontal Cortex (BA9)|1.28:Adrenal Gland|1.01:Heart - Left Ventricle|1.00:Brain - Hypothalamus|1.00:Cells - EBV-transformed lymphocytes|0.73:Cells - Cultured fibroblasts|0.71:Brain - Anterior cingulate cortex (BA24)|0.60:Whole Blood|0.57:Brain - Amygdala|0.42:Brain - Spinal cord (cervical c-1)|0.39:Muscle - Skeletal|0.39:Brain - Hippocampus|0.30:Brain - Substantia nigra,"5.16:cerebellar cortex|2.47:striatum|0.93:primary visual cortex (striate cortex, area V1/17)|0.69:upper (rostral) rhombic lip|0.65:lateral ganglionic eminence|0.64:cerebellum|0.62:posterior (caudal) superior temporal cortex (area 22c)|0.58:primary somatosensory cortex (area S1, areas 3,1,2)|0.53:posteroventral (inferior) parietal cortex|0.52:primary auditory cortex (core)|0.51:orbital frontal cortex|0.50:inferolateral temporal cortex (area TEv, area 20)|0.47:ventrolateral prefrontal cortex|0.45:primary motor cortex (area M1, area 4)|0.45:amygdaloid complex|0.45:dorsolateral prefrontal cortex|0.43:mediodorsal nucleus of thalamus|0.40:primary motor-sensory cortex (samples)|0.40:anterior (rostral) cingulate (medial prefrontal) cortex|0.39:medial ganglionic eminence|0.39:hippocampus (hippocampal formation)|0.34:temporal neocortex|0.31:occipital neocortex|0.25:dorsal thalamus|0.20:parietal neocortex|0.16:caudal ganglionic eminence",2,SNP,7.84,"8|0.601843046043375;0-7,9-46|0",7287832,NA,C|A,N|30|A:C|D:A;N|79|A:C|D:A,N|1021:LP6005170-DNA_C01(A)|A:C|D:A;N|2000:SL128044(U)|A:C|D:A,0.0062,0.0128,P,T
,,,,,,,,,,,,,,,,,,,,,,,,,,,,SNP,5.30,"8|0.601843046043375;0-7,9-46|0",7291943,NA,G|G,N|30|C:G|R:G;N|114|C:G|R:G,N|1021:LP6005170-DNA_C01(A)|C:G|R:G;N|2046:SL127711(U)|C:G|R:G,0.0021,0.0035,B,T
9,MFSD6L,Homo sapiens major facilitator superfamily domain containing 6-like (MFSD6L) mRNA.,,NM_152599,chr17,38.58,2e-02,0.59,4e-02,-,MFSD6L,8797110,8799365,major facilitator superfamily domain containing 6 like,protein_coding,NA,2.39664500541186e-8,0,0,2.01:Glycoproteinosis|1.60:PCWH syndrome|1.53:Tetralogy of Fallot,0.65:Carcinoma,NA,NA,NA,63.59:Testis|9.31:Minor Salivary Gland|8.80:Pituitary|7.74:Thyroid|4.56:Pancreas|3.68:Stomach|3.17:Cells - EBV-transformed lymphocytes|2.47:Kidney - Medulla|1.90:Colon - Transverse|1.19:Kidney - Cortex|1.13:Small Intestine - Terminal Ileum|0.83:Esophagus - Mucosa|0.70:Lung|0.62:Prostate|0.48:Skin - Sun Exposed (Lower leg)|0.41:Spleen|0.40:Whole Blood|0.39:Skin - Not Sun Exposed (Suprapubic)|0.32:Bladder|0.32:Breast - Mammary Tissue|0.20:Fallopian Tube|0.19:Vagina|0.17:Cervix - Ectocervix|0.17:Cervix - Endocervix|0.10:Adipose - Subcutaneous|0.10:Esophagus - Muscularis|0.09:Esophagus - Gastroesophageal Junction|0.09:Uterus|0.09:Adipose - Visceral (Omentum)|0.08:Brain - Putamen (basal ganglia)|0.08:Colon - Sigmoid|0.07:Brain - Caudate (basal ganglia)|0.06:Nerve - Tibial|0.06:Heart - Left Ventricle|0.05:Artery - Aorta|0.05:Brain - Spinal cord (cervical c-1)|0.05:Artery - Coronary|0.05:Ovary|0.04:Liver|0.04:Heart - Atrial Appendage|0.04:Brain - Hypothalamus|0.03:Brain - Substantia nigra|0.03:Brain - Amygdala|0.03:Brain - Nucleus accumbens (basal ganglia)|0.03:Brain - Cortex|0.03:Brain - Cerebellum|0.03:Adrenal Gland|0.03:Brain - Hippocampus|0.03:Brain - Frontal Cortex (BA9)|0.02:Brain - Anterior cingulate cortex (BA24)|0.02:Brain - Cerebellar Hemisphere|0.02:Artery - Tibial|0.01:Muscle - Skeletal|0.00:Cells - Cultured fibroblasts,"0.05:medial ganglionic eminence|0.04:upper (rostral) rhombic lip|0.03:dorsal thalamus|0.03:striatum|0.02:lateral ganglionic eminence|0.02:primary motor-sensory cortex (samples)|0.02:hippocampus (hippocampal formation)|0.02:mediodorsal nucleus of thalamus|0.01:primary auditory cortex (core)|0.01:occipital neocortex|0.01:caudal ganglionic eminence|0.01:posterior (caudal) superior temporal cortex (area 22c)|0.00:ventrolateral prefrontal cortex|0.00:temporal neocortex|0.00:primary visual cortex (striate cortex, area V1/17)|0.00:primary somatosensory cortex (area S1, areas 3,1,2)|0.00:primary motor cortex (area M1, area 4)|0.00:posteroventral (inferior) parietal cortex|0.00:parietal neocortex|0.00:orbital frontal cortex|0.00:inferolateral temporal cortex (area TEv, area 20)|0.00:dorsolateral prefrontal cortex|0.00:cerebellum|0.00:cerebellar cortex|0.00:anterior (rostral) cingulate (medial prefrontal) cortex|0.00:amygdaloid complex",3,SNP,6.63,"42|0.602064327289188;0-41,43-46|0",8702218,NA,C|R,N|30|A:C|L:R;N|102|^:^|^:^,N|1021:LP6005170-DNA_C01(A)|A:C|L:R,0.0023,0.0039,P,T
,,,,,,,,,,,,,,,,,,,,,,,,,,,,del,13.23,"42|0.602064327289188;0-41,43-46|0",8701171,NA,GTA|AT,61-62|-:GTA|-:AT;102|^:^|^:^;141-142|-:GTA|-:AT;147|^:^|^:^,"1063:SL128036(A),1063:SL128097(U)|-:GTA|-:AT;2079:MH0161789(U),2079:MH0161794(A)|-:GTA|-:AT",0.0012,0.0026,NA,NA
,,,,,,,,,,,,,,,,,,,,,,,,,,,,del,17.12,"42|0.602064327289188;0-41,43-46|0",8701168,NA,A|L,"61-62|-:A|-:L;99,102|^:^|^:^;141-142|-:A|-:L","1063:SL128036(A),1063:SL128097(U)|-:A|-:L;2079:MH0161789(U),2079:MH0161794(A)|-:A|-:L",0.0012,0.0025,NA,NA
10,PELP1,Homo sapiens proline glutamate and leucine rich protein 1 (PELP1) mRNA.,,NM_014389,chr17,65.52,2e-02,0.81,3e-03,-,PELP1,4669774,4704137,"proline, glutamate and leucine rich protein 1",protein_coding,"MNAR,P160",0.999794752493233,0,0,2.48:Amelogenesis imperfecta type 1G|2.20:Breast cancer|1.63:Prostate cancer|1.58:Carcinoma|1.51:Ovarian cancer,0.80:Carcinoma,NA,NA,0.90:central nervous system|0.87:brain|0.87:syndromic X-linked intellectual disability|0.84:testis|0.84:ovary|0.83:syndromic intellectual disability|0.83:nervous system|0.79:placenta|0.79:pancreas|0.78:liver|0.78:regulation of chromosome organization|0.77:heart|0.77:spinal cord|0.76:corpus callosum|0.75:fetus|0.71:forebrain|0.71:prostate gland|0.70:skeletal muscle|0.68:cerebral cortex|0.68:lung|0.67:ncRNA processing|0.66:basal ganglion|0.66:corpus striatum|0.65:telencephalon|0.61:subthalamic nucleus|0.60:kidney|0.59:diencephalon|0.59:caudate nucleus|0.58:midbrain|0.57:substantia nigra|0.57:thalamus|0.57:temporal lobe|0.52:hippocampus|0.51:cerebellum|0.51:amygdala|0.46:primary ciliary dyskinesia|0.44:spleen|0.42:regulation of histone modification|0.41:ncRNA metabolic process|0.41:intracellular estrogen receptor signaling pathway|0.41:regulation of DNA metabolic process|0.40:intellectual disability|0.39:intracellular receptor signaling pathway|0.39:uterus|0.37:autism spectrum disorder|0.37:histone modification|0.36:blood|0.35:leukocyte|0.33:ciliopathy|0.33:negative regulation of DNA binding transcription factor activity|0.33:positive regulation of protein kinase activity|0.32:histone methylation|0.31:regulation of chromatin organization|0.31:intestine|0.30:positive regulation of histone modification|0.30:positive regulation of proteolysis|0.30:hormone-mediated signaling pathway|0.28:regulation of histone methylation|0.28:regulation of DNA binding transcription factor activity|0.27:positive regulation of cellular catabolic process|0.27:gastrointestinal tract|0.27:regulation of lipid metabolic process|0.27:regulation of cellular protein catabolic process|0.27:positive regulation of catabolic process|0.26:thyroid gland|0.25:hypophysis|0.25:regulation of protein catabolic process|0.25:lymph node|0.25:small intestine|0.25:regulation of DNA repair|0.24:regulation of translation|0.24:positive regulation of protein catabolic process|0.24:intracellular steroid hormone receptor signaling pathway|0.23:large intestine|0.22:negative regulation of protein modification process|0.22:Kartagener syndrome|0.22:steroid hormone mediated signaling pathway|0.22:positive regulation of biomineral tissue development|0.22:regulation of protein ubiquitination|0.22:positive regulation of chromosome organization|0.21:DNA repair|0.21:muscle|0.21:colon|0.21:positive regulation of programmed cell death|0.21:proteasomal protein catabolic process|0.21:regulation of intracellular steroid hormone receptor signaling pathway|0.20:positive regulation of apoptotic process|0.20:positive regulation of kinase activity|0.20:regulation of protein modification by small protein conjugation or removal|0.20:adrenal gland|0.20:occipital lobe|0.20:regulation of cellular amide metabolic process|0.19:modification-dependent protein catabolic process|0.19:peptidyl-lysine modification|0.18:frontal lobe|0.18:mammary gland|0.18:positive regulation of DNA binding transcription factor activity|0.17:regulation of proteolysis involved in cellular protein catabolic process|0.17:apoptotic signaling pathway|0.17:ubiquitin-dependent protein catabolic process|0.17:positive regulation of cellular protein catabolic process|0.15:regulation of cytoskeleton organization|0.15:positive regulation of bone mineralization|0.15:positive regulation of cell migration|0.15:positive regulation of locomotion|0.15:positive regulation of cell motility|0.15:proteasome-mediated ubiquitin-dependent protein catabolic process|0.14:ubiquitin-dependent ERAD pathway|0.14:regulation of response to DNA damage stimulus|0.14:regulation of wound healing|0.14:bone marrow|0.14:regulation of proteasomal protein catabolic process|0.14:regulation of response to wounding|0.14:positive regulation of cellular component movement|0.14:peptide biosynthetic process|0.13:translation|0.13:regulation of intracellular estrogen receptor signaling pathway|0.13:regulation of lipid biosynthetic process|0.13:regulation of vesicle-mediated transport|0.13:regulation of DNA biosynthetic process|0.13:regulation of telomerase activity|0.13:double-strand break repair|0.12:signal transduction by p53 class mediator|0.12:regulation of immune response|0.12:regulation of histone H3-K27 methylation|0.12:trachea|0.12:negative regulation of transport|0.12:positive regulation of MAPK cascade|0.12:negative regulation of NF-kappaB transcription factor activity|0.12:transmembrane receptor protein serine/threonine kinase signaling pathway|0.12:rRNA metabolic process|0.12:negative regulation of DNA metabolic process|0.12:amide biosynthetic process|0.11:covalent chromatin modification|0.11:adrenergic receptor signaling pathway|0.11:stress-activated MAPK cascade|0.11:regulation of stress-activated MAPK cascade|0.11:regulation of organelle assembly|0.11:negative regulation of inflammatory response|0.11:regulation of defense response|0.11:protein methylation|0.11:protein alkylation|0.11:positive regulation of protein ubiquitination|0.11:rRNA processing|0.10:paranasal sinus disease|0.10:negative regulation of organelle organization|0.10:regulation of endocytosis|0.10:regulation of protein serine/threonine kinase activity|0.10:stomach,63.51:Testis|54.22:Brain - Cerebellum|53.43:Brain - Cerebellar Hemisphere|43.84:Ovary|43.24:Uterus|42.42:Pituitary|41.41:Cervix - Endocervix|40.30:Cervix - Ectocervix|40.03:Fallopian Tube|39.77:Cells - EBV-transformed lymphocytes|37.83:Nerve - Tibial|36.25:Prostate|36.06:Thyroid|32.22:Vagina|31.81:Artery - Tibial|31.56:Bladder|30.94:Brain - Spinal cord (cervical c-1)|30.90:Spleen|30.58:Brain - Cortex|30.38:Brain - Frontal Cortex (BA9)|30.33:Artery - Aorta|28.81:Esophagus - Gastroesophageal Junction|28.71:Skin - Sun Exposed (Lower leg)|28.45:Colon - Sigmoid|28.17:Cells - Cultured fibroblasts|28.05:Artery - Coronary|28.02:Esophagus - Muscularis|27.58:Skin - Not Sun Exposed (Suprapubic)|26.20:Small Intestine - Terminal Ileum|26.14:Muscle - Skeletal|25.90:Brain - Hypothalamus|25.89:Breast - Mammary Tissue|25.78:Lung|24.72:Brain - Nucleus accumbens (basal ganglia)|23.78:Brain - Anterior cingulate cortex (BA24)|22.73:Esophagus - Mucosa|22.56:Adipose - Subcutaneous|22.15:Brain - Substantia nigra|21.89:Brain - Caudate (basal ganglia)|21.19:Minor Salivary Gland|21.16:Colon - Transverse|20.98:Brain - Putamen (basal ganglia)|20.91:Brain - Hippocampus|20.69:Adipose - Visceral (Omentum)|20.67:Brain - Amygdala|20.05:Adrenal Gland|19.09:Kidney - Medulla|18.59:Stomach|14.27:Heart - Atrial Appendage|11.63:Heart - Left Ventricle|11.15:Kidney - Cortex|9.99:Liver|9.53:Pancreas|5.66:Whole Blood,NA,7,SNP,5.38,"28|0.726853995035331;8|0.601625953259919;0-7,9-27,29-33,35-46|0;34|-0.407532926469239",4576299,NA,G|P,N|37|^:^|^:^;N|60|^:^|^:^;N|82|^:^|^:^;N|99|^:^|^:^;N|103|A:G|S:P;N|137|^:^|^:^;N|162|^:^|^:^,N|2037:LP6005170-DNA_B03(A)|A:G|S:P,NA,NA,B,T
,,,,,,,,,,,,,,,,,,,,,,,,,,,,SNP,5.23,"28|0.726853995035331;8|0.601669380499252;0-7,9-27,29-33,35-46|0;34|-0.407532926469239",4579700,NA,C|A,N|8|^:^|^:^;N|30|C:T|A:T,N|1021:LP6005170-DNA_C01(A)|C:T|A:T,0.0016,0.0023,B,T
,,,,,,,,,,,,,,,,,,,,,,,,,,,,SNP,6.60,"28|0.726853995035331;8|0.601625953259919;0-7,9-27,29-33,35-46|0;34|-0.407532926469239",4607238,NA,G|H,"N|57|C:G|D:H;N|64|^:^|^:^;N|86|^:^|^:^;N|95-97|C:G|D:H;N|132,136|^:^|^:^","N|1052:SL128128(U)|C:G|D:H;N|2018:07C70334(A),2018:08C75494(U),2018:SL128095(U)|C:G|D:H",0.0018,0.0016,B,T
,,,,,,,,,,,,,,,,,,,,,,,,,,,,SNP,2.97,"28|0.726853995035331;8|0.601669380499252;0-7,9-27,29-33,35-46|0;34|-0.407532926469239",4607382,NA,G|P,N|30|C:G|A:P;N|38|^:^|^:^;N|132|^:^|^:^,N|1021:LP6005170-DNA_C01(A)|C:G|A:P,0.0004,0.0005,B,T
,,,,,,,,,,,,,,,,,,,,,,,,,,,,del,7.98,"28|0.726853995035331;8|0.601669380499252;0-7,9-27,29-33,35-46|0;34|-0.407532926469239",4575437,NA,TCC|ED,45-47|-:TCC|-:ED;74|^:^|^:^;82|^:^|^:^;96|^:^|^:^;102|^:^|^:^;123|-:TCC|-:ED;127|^:^|^:^;138|^:^|^:^;147|-:TCC|-:ED;161|^:^|^:^,"1046:07C65307(A),1046:SL128074(U),1046:SL128109(A)|-:TCC|-:ED;2054:LP6005170-DNA_A04(U)|-:TCC|-:ED;2088:MH0186884(U)|-:TCC|-:ED",0.0048,0.0073,NA,NA
,,,,,,,,,,,,,,,,,,,,,,,,,,,,del,13.23,"28|0.726853995035331;8|0.601625953259919;0-7,9-27,29-33,35-46|0;34|-0.407532926469239",4575584,NA,TCT|EE,"70,72|-:TCT|-:EE;95,98|-:TCT|-:EE;99|^:^|^:^;120|^:^|^:^;141-142|^:^|^:^;153|^:^|^:^","1072:2743-SL-0029(A),1072:SL128065(U)|-:TCT|-:EE;2018:07C70334(A),2018:SL128110(U)|-:TCT|-:EE",0.0030,0.0049,NA,NA
,,,,,,,,,,,,,,,,,,,,,,,,,,,,mnp,25.69,"28|0.726853995035331;8|0.601669380499252;0-7,9-27,29-33,35-46|0;34|-0.407532926469239",4576216,NA,G|P,"81-84|G:GGGCATGGGGCCTGCTGAA|P:PS;113|A:GGGCATGGGGCCTGCTGAA|P:PS;115|G:GGGCATGGGGCCTGCTGAA|P:PS;125,127-128|G:GGGCATGGGGCCTGCTGAA|P:PS","2002:06C61307(U),2002:08C76448(U),2002:08C76449(A),2002:SL128067(U)|G:GGGCATGGGGCCTGCTGAA|P:PS;2046:SL127704(A)|A:GGGCATGGGGCCTGCTGAA|P:PS;2046:SL128130(A)|G:GGGCATGGGGCCTGCTGAA|P:PS;2055:2743-SL-0036(U),2055:SL127725(A),2055:SL127730(U)|G:GGGCATGGGGCCTGCTGAA|P:PS",0.0048,0.0047,NA,NA
11,ZNF594,Homo sapiens zinc finger protein 594 (ZNF594) mRNA.,Transcription Factor,NM_032530,chr17,21.32,4e-02,0.58,1e-02,-,ZNF594,5174021,5191883,zinc finger protein 594,protein_coding,NA,1.13967591329678e-10,0,0,NA,0.88:Carcinoma,NA,NA,NA,12.74:Ovary|11.12:Pituitary|10.46:Cervix - Endocervix|10.02:Thyroid|9.98:Brain - Cerebellum|9.28:Brain - Cerebellar Hemisphere|8.87:Cells - EBV-transformed lymphocytes|8.65:Uterus|8.42:Prostate|8.03:Testis|7.50:Nerve - Tibial|7.38:Fallopian Tube|7.06:Cervix - Ectocervix|6.21:Bladder|6.18:Spleen|6.12:Colon - Sigmoid|5.40:Kidney - Medulla|5.09:Vagina|4.92:Esophagus - Gastroesophageal Junction|4.85:Minor Salivary Gland|4.77:Esophagus - Muscularis|4.70:Cells - Cultured fibroblasts|4.48:Artery - Coronary|4.44:Small Intestine - Terminal Ileum|4.21:Brain - Spinal cord (cervical c-1)|4.04:Artery - Aorta|3.84:Artery - Tibial|3.77:Brain - Cortex|3.45:Colon - Transverse|3.41:Breast - Mammary Tissue|3.33:Brain - Nucleus accumbens (basal ganglia)|3.31:Brain - Frontal Cortex (BA9)|2.93:Brain - Caudate (basal ganglia)|2.91:Brain - Hypothalamus|2.89:Lung|2.68:Brain - Hippocampus|2.65:Kidney - Cortex|2.64:Adipose - Subcutaneous|2.63:Brain - Anterior cingulate cortex (BA24)|2.62:Adrenal Gland|2.56:Stomach|2.47:Adipose - Visceral (Omentum)|2.41:Muscle - Skeletal|2.39:Brain - Substantia nigra|2.24:Esophagus - Mucosa|2.21:Brain - Amygdala|2.18:Brain - Putamen (basal ganglia)|2.11:Heart - Atrial Appendage|1.87:Pancreas|1.57:Heart - Left Ventricle|1.46:Skin - Sun Exposed (Lower leg)|1.31:Liver|1.23:Skin - Not Sun Exposed (Suprapubic)|0.18:Whole Blood,"5.08:temporal neocortex|4.30:occipital neocortex|4.12:parietal neocortex|3.67:lateral ganglionic eminence|3.19:primary motor-sensory cortex (samples)|3.18:caudal ganglionic eminence|3.06:cerebellum|3.06:medial ganglionic eminence|2.82:upper (rostral) rhombic lip|2.29:striatum|2.28:amygdaloid complex|2.07:cerebellar cortex|2.01:anterior (rostral) cingulate (medial prefrontal) cortex|1.98:hippocampus (hippocampal formation)|1.93:orbital frontal cortex|1.86:dorsolateral prefrontal cortex|1.85:primary auditory cortex (core)|1.78:dorsal thalamus|1.76:primary visual cortex (striate cortex, area V1/17)|1.69:primary somatosensory cortex (area S1, areas 3,1,2)|1.68:posteroventral (inferior) parietal cortex|1.65:posterior (caudal) superior temporal cortex (area 22c)|1.62:primary motor cortex (area M1, area 4)|1.58:inferolateral temporal cortex (area TEv, area 20)|1.53:ventrolateral prefrontal cortex|1.29:mediodorsal nucleus of thalamus",4,SNP,2.12,"8|0.601756221952324;0-7,9-46|0",5085637,NA,G|L,N|12-13|A:G|F:L;N|79|A:G|F:L;N|102|^:^|^:^,"N|1009:SL127698(U),1009:SL127712(A)|A:G|F:L;N|2000:SL128044(U)|A:G|F:L",0.0046,0.0045,D,D
,,,,,,,,,,,,,,,,,,,,,,,,,,,,SNP,4.62,"8|0.601756221952324;0-7,9-46|0",5086198,NA,G|R,"N|34|^:^|^:^;N|67|^:^|^:^;N|69|^:^|^:^;N|109|A:G|C:R;N|120,122|A:G|C:R","N|2040:SL127744(A)|A:G|C:R;N|2048:2743-SL-0024(U),2048:SL127724(U)|A:G|C:R",0.0040,0.0038,D,D
,,,,,,,,,,,,,,,,,,,,,,,,,,,,SNP,3.46,"8|0.601843046043375;0-7,9-46|0",5086956,NA,A|V,N|30|A:C|V:G,N|1021:LP6005170-DNA_C01(A)|A:C|V:G,0.0079,0.0122,P,T
,,,,,,,,,,,,,,,,,,,,,,,,,,,,del,11.22,"8|0.601843046043375;0-7,9-46|0",5087037,NA,ATA|II,30|-:ATA|-:II;45-47|-:ATA|-:II,"1021:LP6005170-DNA_C01(A)|-:ATA|-:II;1046:07C65307(A),1046:SL128074(U),1046:SL128109(A)|-:ATA|-:II",0.0168,0.0267,NA,NA
13,ZZEF1,Homo sapiens zinc finger ZZ-type with EF-hand domain 1 (ZZEF1) mRNA.,Transcription Factor,NM_015113,chr17,49.25,5e-02,0.72,7e-03,-,ZZEF1,4004445,4143030,zinc finger ZZ-type and EF-hand domain containing 1,protein_coding,ZZZ4,0.999923090647574,0,0,NA,1.27:Carcinoma|0.90:Kidney cancer,NA,10.07:increased mean corpuscular hemoglobin|8.06:decreased total body fat amount|6.95:abnormal sleep behavior|4.84:decreased circulating free fatty acid level|4.78:decreased grip strength|4.44:decreased erythrocyte cell number|4.41:absent teeth|4.07:increased lean body mass|4.02:abnormal coat/hair pigmentation,NA,37.81:Small Intestine - Terminal Ileum|30.90:Esophagus - Muscularis|27.11:Esophagus - Gastroesophageal Junction|26.86:Colon - Transverse|25.89:Thyroid|25.63:Uterus|25.62:Spleen|25.05:Brain - Cerebellum|24.90:Artery - Tibial|23.85:Colon - Sigmoid|23.82:Lung|23.31:Ovary|23.27:Artery - Aorta|23.06:Pituitary|23.00:Nerve - Tibial|22.46:Fallopian Tube|22.39:Brain - Cerebellar Hemisphere|22.21:Cervix - Endocervix|22.15:Skin - Sun Exposed (Lower leg)|21.51:Prostate|21.47:Bladder|20.72:Testis|20.58:Skin - Not Sun Exposed (Suprapubic)|20.49:Cells - EBV-transformed lymphocytes|20.34:Artery - Coronary|19.89:Adipose - Subcutaneous|19.47:Cervix - Ectocervix|19.14:Breast - Mammary Tissue|17.69:Muscle - Skeletal|17.66:Vagina|17.03:Esophagus - Mucosa|16.35:Stomach|15.95:Cells - Cultured fibroblasts|15.82:Adrenal Gland|15.30:Minor Salivary Gland|14.70:Adipose - Visceral (Omentum)|10.23:Pancreas|9.91:Brain - Cortex|9.16:Whole Blood|9.14:Heart - Atrial Appendage|8.26:Brain - Frontal Cortex (BA9)|7.99:Brain - Spinal cord (cervical c-1)|7.58:Kidney - Medulla|7.42:Heart - Left Ventricle|7.27:Brain - Hypothalamus|7.24:Kidney - Cortex|6.42:Brain - Nucleus accumbens (basal ganglia)|6.16:Brain - Caudate (basal ganglia)|6.14:Brain - Substantia nigra|6.12:Brain - Hippocampus|6.11:Liver|6.04:Brain - Anterior cingulate cortex (BA24)|5.52:Brain - Putamen (basal ganglia)|4.97:Brain - Amygdala,"8.41:temporal neocortex|6.31:parietal neocortex|6.23:upper (rostral) rhombic lip|5.95:cerebellar cortex|5.63:cerebellum|5.62:lateral ganglionic eminence|5.54:primary motor-sensory cortex (samples)|5.43:occipital neocortex|4.95:caudal ganglionic eminence|4.83:medial ganglionic eminence|4.54:primary visual cortex (striate cortex, area V1/17)|4.40:primary somatosensory cortex (area S1, areas 3,1,2)|4.40:primary motor cortex (area M1, area 4)|4.25:ventrolateral prefrontal cortex|4.21:primary auditory cortex (core)|4.18:posteroventral (inferior) parietal cortex|4.14:amygdaloid complex|4.08:posterior (caudal) superior temporal cortex (area 22c)|4.07:orbital frontal cortex|4.05:striatum|3.95:anterior (rostral) cingulate (medial prefrontal) cortex|3.89:hippocampus (hippocampal formation)|3.77:dorsolateral prefrontal cortex|3.74:mediodorsal nucleus of thalamus|3.66:dorsal thalamus|3.52:inferolateral temporal cortex (area TEv, area 20)",9,SNP,4.70,"40|0.851648001361508;8|0.601625953259919;0-7,9-39,41-46|0",3916800,NA,T|H,N|24-25|C:T|R:H;N|150|^:^|^:^,"N|1012:SL127734(A),1012:SL127742(A)|C:T|R:H",NA,NA,P,D
,,,,,,,,,,,,,,,,,,,,,,,,,,,,SNP,10.47,"40|0.851648001361508;8|0.601669380499252;0-7,9-39,41-46|0",3924566,NA,C|A,"N|2|^:^|^:^;N|30|C:T|A:T;N|35|C:T|A:T;N|46|^:^|^:^;N|82,85|^:^|^:^;N|132|^:^|^:^",N|1021:LP6005170-DNA_C01(A)|C:T|A:T;N|1027:LP6005170-DNA_G01(A)|C:T|A:T,0.0172,0.0303,B,T
,,,,,,,,,,,,,,,,,,,,,,,,,,,,SNP,6.49,"40|0.851648001361508;8|0.601625953259919;0-7,9-39,41-46|0",3947601,NA,C|G,"N|113,115|C:G|G:A;N|133,136|C:G|G:A","N|2046:SL127704(A),2046:SL128130(A)|C:G|G:A;N|2057:10C117872(U),2057:10C117899(A)|C:G|G:A",0.0017,0.0025,B,T
,,,,,,,,,,,,,,,,,,,,,,,,,,,,SNP,3.39,"40|0.851648001361508;8|0.601669380499252;0-7,9-39,41-46|0",3953096,NA,T|D,N|30|C:T|G:D,N|1021:LP6005170-DNA_C01(A)|C:T|G:D,NA,NA,B,T
,,,,,,,,,,,,,,,,,,,,,,,,,,,,SNP,8.91,"40|0.851648001361508;8|0.601625953259919;0-7,9-39,41-46|0",3954177,NA,C|G,N|109|C:T|G:R;N|132|^:^|^:^,N|2040:SL127744(A)|C:T|G:R,4.061e-06,NA,D,D
,,,,,,,,,,,,,,,,,,,,,,,,,,,,SNP,3.46,"40|0.851648001361508;8|0.601669380499252;0-7,9-28,30-39,41-46|0;29|-0.6946165958792",3968064,NA,A|S,N|81|^:^|^:^;N|96-97|^:^|^:^;N|99-100|A:C|S:A;N|102|C:C|A:A;N|136|^:^|^:^,N||A:C|S:A;N|2028:SL128127(A)|C:C|A:A,0.0357,0.0340,B,T
,,,,,,,,,,,,,,,,,,,,,,,,,,,,SNP,6.34,"40|0.851648001361508;8|0.601669380499252;0-7,9-39,41-46|0",3975970,NA,G|H,N|134-136|A:G|Y:H,"N|2057:10C117873(U),2057:10C117874(U),2057:10C117899(A)|A:G|Y:H",0.0013,0.0011,D,D
,,,,,,,,,,,,,,,,,,,,,,,,,,,,SNP,6.63,"40|0.851648001361508;8|0.601625953259919;0-7,9-39,41-46|0",3978574,NA,C|R,N|73|A:C|S:R,N|1075:2743-SL-0040(A)|A:C|S:R,1.624e-05,NA,P,D
,,,,,,,,,,,,,,,,,,,,,,,,,,,,SNP,2.57,"40|0.851648001361508;8|0.601625953259919;0-7,9-39,41-46|0",4046054,NA,G|P,N|46|^:^|^:^;N|97|^:^|^:^;N|106|A:G|S:P;N|123|A:G|S:P;N|131|^:^|^:^,N|2039:SL128119(A)|A:G|S:P;N|2054:LP6005170-DNA_A04(U)|A:G|S:P,0.0021,0.0012,B,T
14,ALOX15,Homo sapiens arachidonate 15-lipoxygenase (ALOX15) mRNA.,Imflammation mediated by chemokine and cytokine signaling,NM_001140,chr17,23.72,6e-02,0.57,2e-02,-,ALOX15,4630919,4641678,arachidonate 15-lipoxygenase,protein_coding,"12-LOX,15-LOX,15-LOX-1,LOG15",3.60054517501269e-19,0,0,2.44:Atherosclerosis|2.36:Asthma|2.21:Cancer|2.15:Neurodegenerative disease|2.13:Peritonitis|2.05:Diabetes mellitus|2.03:Cerebrovascular disease|1.99:Arthritis|1.99:Prostate disease|1.94:Atopic dermatitis|1.93:Obesity|1.89:Autoimmune hypersensitivity disease|1.85:Coronary artery disease|1.83:Allergic hypersensitivity disease|1.82:Colonic disease|1.81:Colitis|1.77:Lung disease|1.75:Hematopoietic system disease|1.74:Hypertension|1.70:Thrombosis|1.68:Breast disease|1.62:Eye disease|1.61:Psoriasis|1.60:Kidney disease|1.55:Periodontal disease|1.54:Osteoporosis|1.53:Hyperglycemia|1.53:Heart disease|1.52:Colorectal adenoma,NA,NA,Infinity:abnormal seminal vesicle morphology|Infinity:hydrometra|Infinity:small superior vagus ganglion,0.48:autism spectrum disorder|0.45:blood|0.45:leukocyte|0.39:lymph node|0.34:fetus|0.29:placenta|0.26:spleen|0.26:liver|0.25:ovary|0.25:mammary gland|0.25:testis|0.24:prostate gland|0.24:intestine|0.22:lung|0.22:uterus|0.22:large intestine|0.22:central nervous system|0.20:kidney|0.19:nervous system|0.19:monocyte|0.18:gastrointestinal tract|0.17:colon|0.16:brain|0.16:adrenal gland|0.16:heart|0.16:lymphocyte|0.15:small intestine|0.14:pancreas|0.14:thyroid gland|0.13:skeletal muscle|0.13:mononuclear phagocyte|0.13:trachea|0.12:bone marrow|0.12:blood plasma|0.11:skin|0.11:positive regulation of MAPK cascade|0.11:stomach|0.11:retinal disease|0.10:eye,28.14:Adipose - Visceral (Omentum)|4.19:Pituitary|3.79:Testis|1.74:Colon - Sigmoid|1.73:Lung|1.02:Brain - Nucleus accumbens (basal ganglia)|0.90:Brain - Caudate (basal ganglia)|0.66:Skin - Not Sun Exposed (Suprapubic)|0.54:Brain - Putamen (basal ganglia)|0.50:Skin - Sun Exposed (Lower leg)|0.47:Colon - Transverse|0.39:Small Intestine - Terminal Ileum|0.35:Brain - Cortex|0.34:Brain - Hypothalamus|0.33:Fallopian Tube|0.29:Bladder|0.28:Brain - Frontal Cortex (BA9)|0.23:Whole Blood|0.22:Esophagus - Mucosa|0.22:Vagina|0.20:Heart - Atrial Appendage|0.18:Prostate|0.17:Spleen|0.17:Brain - Hippocampus|0.15:Ovary|0.14:Brain - Anterior cingulate cortex (BA24)|0.13:Breast - Mammary Tissue|0.11:Esophagus - Muscularis|0.11:Esophagus - Gastroesophageal Junction|0.11:Cervix - Endocervix|0.10:Brain - Cerebellum|0.10:Minor Salivary Gland|0.10:Artery - Aorta|0.09:Artery - Coronary|0.08:Brain - Spinal cord (cervical c-1)|0.08:Nerve - Tibial|0.07:Brain - Cerebellar Hemisphere|0.07:Brain - Amygdala|0.07:Heart - Left Ventricle|0.07:Uterus|0.06:Cervix - Ectocervix|0.06:Brain - Substantia nigra|0.05:Artery - Tibial|0.04:Kidney - Medulla|0.04:Stomach|0.04:Muscle - Skeletal|0.04:Liver|0.03:Cells - EBV-transformed lymphocytes|0.03:Thyroid|0.03:Adipose - Subcutaneous|0.02:Kidney - Cortex|0.01:Adrenal Gland|0.01:Pancreas|0.00:Cells - Cultured fibroblasts,"0.22:striatum|0.06:cerebellum|0.05:mediodorsal nucleus of thalamus|0.05:primary auditory cortex (core)|0.05:orbital frontal cortex|0.05:primary somatosensory cortex (area S1, areas 3,1,2)|0.04:inferolateral temporal cortex (area TEv, area 20)|0.04:anterior (rostral) cingulate (medial prefrontal) cortex|0.04:posteroventral (inferior) parietal cortex|0.04:dorsolateral prefrontal cortex|0.03:primary motor cortex (area M1, area 4)|0.03:hippocampus (hippocampal formation)|0.03:amygdaloid complex|0.03:posterior (caudal) superior temporal cortex (area 22c)|0.03:ventrolateral prefrontal cortex|0.03:upper (rostral) rhombic lip|0.03:primary visual cortex (striate cortex, area V1/17)|0.02:lateral ganglionic eminence|0.02:cerebellar cortex|0.01:primary motor-sensory cortex (samples)|0.01:caudal ganglionic eminence|0.01:occipital neocortex|0.00:temporal neocortex|0.00:parietal neocortex|0.00:medial ganglionic eminence|0.00:dorsal thalamus",5,SNP,2.56,"8|0.601756221952324;0-7,9-46|0",4535035,NA,G|P,"N|44|^:^|^:^;N|53|^:^|^:^;N|64,66|A:G|S:P;N|80|A:G|S:P;N|86|^:^|^:^;N|103|A:G|S:P;N|159|^:^|^:^","N|1071:06C58552(U),1071:SL128070(U)|A:G|S:P;N|2000:SL128073(U)|A:G|S:P;N|2037:LP6005170-DNA_B03(A)|A:G|S:P",0.0274,0.0333,P,T
,,,,,,,,,,,,,,,,,,,,,,,,,,,,SNP,6.67,"8|0.601756221952324;0-7,9-46|0",4535314,NA,G|T,"N|19-20|A:G|M:T;N|46|A:G|M:T;N|120,122|A:G|M:T","N|1011:04C32335(U),1011:SL127705(A)|A:G|M:T;N|1046:SL128074(U)|A:G|M:T;N|2048:2743-SL-0024(U),2048:SL127724(U)|A:G|M:T",0.0275,0.0263,D,D
,,,,,,,,,,,,,,,,,,,,,,,,,,,,SNP,4.42,"8|0.601843046043375;0-7,9-46|0",4541908,NA,C|R,N|8|^:^|^:^;N|30|C:T|R:Q;N|37|^:^|^:^;N|137|^:^|^:^;N|146|^:^|^:^;N|163|^:^|^:^,N|1021:LP6005170-DNA_C01(A)|C:T|R:Q,0.0024,0.0037,B,T
,,,,,,,,,,,,,,,,,,,,,,,,,,,,SNP,4.07,"8|0.601843046043375;0-7,9-46|0",4542753,NA,G|N,N|30|C:G|K:N;N|102|^:^|^:^,N|1021:LP6005170-DNA_C01(A)|C:G|K:N,0.0023,0.0037,B,T
,,,,,,,,,,,,,,,,,,,,,,,,,,,,SNP,6.47,"8|0.601756221952324;0-7,9-46|0",4542794,NA,C|D,N|49-50|C:G|D:H,"N|1049:SL127749(A),1049:SL128103(U)|C:G|D:H",0.0059,0.0061,P,D
16,CEACAM5,Homo sapiens carcinoembryonic antigen-related cell adhesion molecule 5 (CEACAM5) mRNA.,,NM_004363,chr19,7.74,1e-01,1.58,2e-02,+,CEACAM5,41708626,41730433,CEA cell adhesion molecule 5,protein_coding,"CD66e,CEA",0.0000366899588817934,0,0,3.76:Cancer|3.59:Gastrointestinal system disease|3.05:Lung disease|2.91:Breast disease|2.74:Adenoma|2.73:Ovarian disease|2.52:Uterine disease|2.47:Pancreatitis|2.40:Prostate disease|2.38:Skin disease|2.38:Hepatitis B|2.33:Kidney disease|2.28:Anemia|2.25:Connective tissue disease|2.24:Endometriosis|2.16:Lymphatic system disease|2.16:Bladder disease|2.11:Tuberculosis|2.06:Adenocarcinoma in situ|2.05:Hypertension|2.01:Multiple endocrine neoplasia type 2A|2.00:Diabetes mellitus|1.99:Pheochromocytoma|1.97:Familial adenomatous polyposis|1.97:Central nervous system disease|1.96:Hydronephrosis|1.92:Lymphangioma|1.91:Autoimmune hypersensitivity disease|1.91:Hemangioma|1.89:Vaccinia|1.86:Neutropenia|1.86:Thrombocytopenia|1.83:Muscular disease|1.83:Thrombosis|1.81:Multiple endocrine neoplasia type 2B|1.81:Lynch syndrome|1.81:Pericardial effusion|1.80:Lipoma|1.79:Bone marrow disease|1.78:Angiomyolipoma|1.78:Leiomyoma|1.75:Pneumothorax|1.72:Heart disease|1.72:Papilloma|1.71:Eye disease|1.69:Neuropathy|1.64:Neurilemmoma|1.63:Vulvar disease|1.62:Goiter|1.61:Testicular disease|1.56:Vaginal discharge|1.56:Allergic hypersensitivity disease|1.55:Hydrocele|1.55:Upper respiratory tract disease|1.55:Bilirubin metabolic disorder|1.54:Cavernous hemangioma|1.54:Hypothyroidism|1.54:Sarcoidosis|1.52:Varicose veins|1.50:Syphilis,0.78:Carcinoma,4.00:Cancer,NA,"1.00:negative regulation of T cell mediated immunity|1.00:negative regulation of adaptive immune response based on somatic recombination of immune receptors built from immunoglobulin superfamily domains|1.00:negative regulation of adaptive immune response|0.98:regulation of adaptive immune response based on somatic recombination of immune receptors built from immunoglobulin superfamily domains|0.96:negative regulation of cell killing|0.92:regulation of adaptive immune response|0.85:regulation of natural killer cell mediated immune response to tumor cell|0.85:regulation of natural killer cell mediated cytotoxicity directed against tumor cell target|0.85:negative regulation of cell adhesion|0.83:positive regulation of cell migration|0.83:regulation of T cell mediated immunity|0.83:positive regulation of cell motility|0.82:negative regulation of leukocyte mediated cytotoxicity|0.81:positive regulation of cellular component movement|0.81:regulation of exocytosis|0.77:positive regulation of locomotion|0.77:regulation of lymphocyte activation|0.76:immune response-regulating cell surface receptor signaling pathway|0.76:negative regulation of natural killer cell mediated cytotoxicity|0.76:negative regulation of natural killer cell mediated immunity|0.76:antigen receptor-mediated signaling pathway|0.76:immune response-regulating signaling pathway|0.75:regulation of leukocyte mediated cytotoxicity|0.75:negative regulation of immune system process|0.75:regulation of leukocyte cell-cell adhesion|0.74:regulation of cell-cell adhesion|0.74:immune response-activating cell surface receptor signaling pathway|0.74:T cell receptor signaling pathway|0.73:activation of immune response|0.73:immune response-activating signal transduction|0.72:regulation of lymphocyte mediated immunity|0.72:adaptive immune response based on somatic recombination of immune receptors built from immunoglobulin superfamily domains|0.69:regulation of leukocyte activation|0.68:regulation of leukocyte mediated immunity|0.68:regulation of cell activation|0.66:regulation of defense response|0.65:regulation of T cell activation|0.63:negative regulation of lymphocyte mediated immunity|0.63:regulation of immune response|0.62:positive regulation of immune response|0.61:regulation of cell killing|0.61:regulation of natural killer cell mediated cytotoxicity|0.61:regulation of natural killer cell mediated immunity|0.60:regulation of innate immune response|0.59:regulation of leukocyte degranulation|0.58:regulation of response to biotic stimulus|0.58:regulation of cell adhesion|0.57:negative regulation of response to biotic stimulus|0.56:prostate gland|0.56:negative regulation of immune response|0.56:regulation of secretion|0.55:epiboly involved in wound healing|0.55:wound healing, spreading of cells|0.55:negative regulation of defense response|0.55:negative regulation of cell activation|0.55:regulation of secretion by cell|0.55:regulation of vesicle-mediated transport|0.54:negative regulation of lymphocyte activation|0.53:placenta|0.53:negative regulation of secretion|0.51:negative regulation of leukocyte mediated immunity|0.51:testis|0.50:regulation of immune effector process|0.49:negative regulation of immune effector process|0.49:adaptive immune response|0.49:fetus|0.47:negative regulation of cell-cell adhesion|0.42:negative regulation of secretion by cell|0.42:negative regulation of leukocyte activation|0.40:negative regulation of transport|0.38:pancreas|0.38:gastrointestinal tract|0.37:innate immune response|0.37:kidney|0.36:intestine|0.36:T cell mediated immunity|0.35:autism spectrum disorder|0.34:natural killer cell mediated immunity|0.34:liver|0.34:large intestine|0.33:mammary gland|0.33:wound healing|0.33:nervous system|0.32:response to wounding|0.32:negative regulation of leukocyte cell-cell adhesion|0.32:ovary|0.31:negative regulation of exocytosis|0.30:exocytosis|0.29:epithelium development|0.28:natural killer cell mediated cytotoxicity|0.27:lung|0.26:leukocyte activation involved in immune response|0.26:regulation of immune response to tumor cell|0.26:regulation of response to tumor cell|0.26:colon|0.25:cell activation involved in immune response|0.25:central nervous system|0.25:blood|0.24:brain|0.24:regulation of regulated secretory pathway|0.23:adrenal gland|0.23:regulation of antigen receptor-mediated signaling pathway|0.23:skin|0.23:T cell activation involved in immune response|0.23:uterus|0.23:small intestine|0.22:regulation of nucleotide metabolic process|0.22:regulation of purine nucleotide metabolic process|0.20:heart|0.18:regulation of T cell mediated cytotoxicity|0.18:negative regulation of antigen receptor-mediated signaling pathway|0.17:thyroid gland|0.17:negative regulation of innate immune response|0.17:regulation of protein catabolic process|0.17:leukocyte|0.16:leukocyte degranulation|0.16:negative regulation of T cell activation|0.16:stomach|0.15:negative regulation of T cell receptor signaling pathway|0.15:positive regulation of protein catabolic process|0.15:regulation of T cell receptor signaling pathway|0.15:positive regulation of catabolic process|0.14:epidermis|0.14:eye|0.14:spleen|0.13:regulation of cellular protein catabolic process|0.13:positive regulation of MAPK cascade|0.13:hypophysis|0.13:blood plasma|0.13:positive regulation of cellular catabolic process|0.12:regulation of response to external stimulus|0.12:positive regulation of cellular protein catabolic process|0.12:regulation of peptidase activity|0.12:negative regulation of regulated secretory pathway|0.12:regulation of cellular amide metabolic process|0.12:regulated exocytosis|0.11:regulation of translation|0.11:negative regulation of proteolysis|0.11:serum|0.11:regulation of endopeptidase activity|0.10:lymphocyte activation involved in immune response",293.42:Esophagus - Mucosa|249.49:Colon - Transverse|78.92:Vagina|30.68:Small Intestine - Terminal Ileum|17.24:Minor Salivary Gland|4.39:Lung|3.95:Skin - Sun Exposed (Lower leg)|2.51:Skin - Not Sun Exposed (Suprapubic)|0.74:Colon - Sigmoid|0.62:Testis|0.58:Stomach|0.45:Cervix - Ectocervix|0.37:Fallopian Tube|0.24:Prostate|0.23:Bladder|0.16:Esophagus - Muscularis|0.14:Pituitary|0.13:Thyroid|0.13:Uterus|0.13:Esophagus - Gastroesophageal Junction|0.12:Breast - Mammary Tissue|0.11:Spleen|0.10:Ovary|0.10:Cervix - Endocervix|0.09:Adrenal Gland|0.08:Brain - Cerebellum|0.07:Pancreas|0.07:Cells - Cultured fibroblasts|0.06:Liver|0.06:Artery - Coronary|0.06:Whole Blood|0.04:Artery - Aorta|0.04:Cells - EBV-transformed lymphocytes|0.04:Adipose - Visceral (Omentum)|0.04:Brain - Cerebellar Hemisphere|0.04:Kidney - Cortex|0.04:Nerve - Tibial|0.03:Adipose - Subcutaneous|0.03:Artery - Tibial|0.02:Heart - Atrial Appendage|0.02:Muscle - Skeletal|0.02:Brain - Cortex|0.02:Heart - Left Ventricle|0.02:Brain - Amygdala|0.02:Brain - Frontal Cortex (BA9)|0.02:Brain - Hippocampus|0.01:Brain - Anterior cingulate cortex (BA24)|0.01:Brain - Hypothalamus|0.01:Brain - Nucleus accumbens (basal ganglia)|0.01:Brain - Caudate (basal ganglia)|0.01:Brain - Putamen (basal ganglia)|0.01:Brain - Substantia nigra|0.00:Kidney - Medulla|0.00:Brain - Spinal cord (cervical c-1),"0.00:ventrolateral prefrontal cortex|0.00:upper (rostral) rhombic lip|0.00:temporal neocortex|0.00:striatum|0.00:primary visual cortex (striate cortex, area V1/17)|0.00:primary somatosensory cortex (area S1, areas 3,1,2)|0.00:primary motor-sensory cortex (samples)|0.00:primary motor cortex (area M1, area 4)|0.00:primary auditory cortex (core)|0.00:posteroventral (inferior) parietal cortex|0.00:posterior (caudal) superior temporal cortex (area 22c)|0.00:parietal neocortex|0.00:orbital frontal cortex|0.00:occipital neocortex|0.00:mediodorsal nucleus of thalamus|0.00:medial ganglionic eminence|0.00:lateral ganglionic eminence|0.00:inferolateral temporal cortex (area TEv, area 20)|0.00:hippocampus (hippocampal formation)|0.00:dorsolateral prefrontal cortex|0.00:dorsal thalamus|0.00:cerebellum|0.00:cerebellar cortex|0.00:caudal ganglionic eminence|0.00:anterior (rostral) cingulate (medial prefrontal) cortex|0.00:amygdaloid complex",1,SNP,0.47,"40|0.851648001361508;28|0.726853995035331;0-27,29-39,41-46|0",42213866,NA,A|N,N|30|^:^|^:^;N|36|^:^|^:^;N|78|^:^|^:^;N|103|^:^|^:^;N|123|^:^|^:^;N|135-136|A:G|N:S,"N|2057:10C117874(U),2057:10C117899(A)|A:G|N:S",NA,NA,P,D
17,ZNF780B,Homo sapiens zinc finger protein 780B (ZNF780B) mRNA.,Transcription Factor,NM_001005851,chr19,10.01,1e-01,0.18,2e-01,-,ZNF780B,40028260,40064448,zinc finger protein 780B,protein_coding,ZNF779,3.89667579331898e-13,0,0,1.77:Hereditary fructose intolerance syndrome|1.73:Campomelic dysplasia,0.82:Carcinoma,NA,NA,NA,18.79:Pituitary|16.39:Brain - Cerebellar Hemisphere|16.23:Brain - Cerebellum|14.70:Ovary|14.31:Thyroid|11.22:Uterus|9.49:Cervix - Endocervix|9.16:Prostate|8.94:Fallopian Tube|8.76:Cervix - Ectocervix|8.53:Nerve - Tibial|8.28:Esophagus - Gastroesophageal Junction|8.16:Colon - Sigmoid|8.09:Bladder|7.54:Esophagus - Muscularis|7.28:Vagina|7.26:Spleen|7.03:Cells - EBV-transformed lymphocytes|6.15:Small Intestine - Terminal Ileum|5.92:Artery - Coronary|5.91:Minor Salivary Gland|5.65:Testis|5.53:Heart - Atrial Appendage|5.49:Colon - Transverse|5.46:Artery - Aorta|5.43:Kidney - Medulla|5.07:Cells - Cultured fibroblasts|5.06:Lung|4.72:Brain - Spinal cord (cervical c-1)|4.71:Artery - Tibial|4.59:Adrenal Gland|4.52:Breast - Mammary Tissue|4.25:Stomach|4.13:Brain - Hypothalamus|4.06:Brain - Frontal Cortex (BA9)|3.95:Adipose - Visceral (Omentum)|3.93:Brain - Cortex|3.74:Kidney - Cortex|3.61:Brain - Nucleus accumbens (basal ganglia)|3.56:Esophagus - Mucosa|3.50:Heart - Left Ventricle|3.40:Adipose - Subcutaneous|3.25:Brain - Substantia nigra|3.07:Brain - Hippocampus|2.96:Brain - Caudate (basal ganglia)|2.86:Brain - Anterior cingulate cortex (BA24)|2.66:Skin - Not Sun Exposed (Suprapubic)|2.57:Pancreas|2.46:Muscle - Skeletal|2.42:Brain - Amygdala|2.38:Skin - Sun Exposed (Lower leg)|2.32:Liver|2.29:Brain - Putamen (basal ganglia)|0.88:Whole Blood,"3.86:cerebellar cortex|3.27:temporal neocortex|3.10:lateral ganglionic eminence|2.84:primary motor-sensory cortex (samples)|2.84:parietal neocortex|2.81:occipital neocortex|2.70:medial ganglionic eminence|2.51:primary visual cortex (striate cortex, area V1/17)|2.48:primary auditory cortex (core)|2.35:dorsal thalamus|2.31:upper (rostral) rhombic lip|2.26:anterior (rostral) cingulate (medial prefrontal) cortex|2.23:posterior (caudal) superior temporal cortex (area 22c)|2.19:striatum|2.18:posteroventral (inferior) parietal cortex|2.16:inferolateral temporal cortex (area TEv, area 20)|2.12:dorsolateral prefrontal cortex|2.10:primary somatosensory cortex (area S1, areas 3,1,2)|2.07:amygdaloid complex|2.06:hippocampus (hippocampal formation)|1.97:ventrolateral prefrontal cortex|1.97:primary motor cortex (area M1, area 4)|1.97:orbital frontal cortex|1.73:caudal ganglionic eminence|1.72:cerebellum|1.63:mediodorsal nucleus of thalamus",4,SNP,0.60,"42|0.602061074398765;23|0.602060009555289;0-22,24-41,43,45-46|0;44|-1.02327641183878",40540697,11,G|T,N|30|^:^|^:^;N|36|^:^|^:^;N|59|^:^|^:^;N|78|^:^|^:^;N|103|^:^|^:^;N|123|^:^|^:^;B|141-142|A:G|I:T;B|148|A:G|I:T;N|156|^:^|^:^,"B|2079:MH0161789(U),2079:MH0161794(A)|A:G|I:T;B|2088:MH0186896(A)|A:G|I:T",0.0059,0.0060,B,T
,,,,,,,,,,,,,,,,,,,,,,,,,,,,SNP,0.73,0-46|0,40541039,28,C|R,N|30|^:^|^:^;B|31-33|C:T|R:Q;N|36|^:^|^:^;B|43|C:T|R:Q;N|42|T:T|Q:Q;B|54|C:T|R:Q;B|59|C:T|R:Q;N|78|^:^|^:^;N|103|^:^|^:^;N|123|^:^|^:^;B|131|C:T|R:Q;B|139|C:T|R:Q;B|153-154|C:T|R:Q,"B|1022:05C44020(A),1022:05C45345(U),1022:SL127722(U)|C:T|R:Q;B|1042:SL127716(A)|C:T|R:Q;N|1042:SL127710(U)|T:T|Q:Q;B|1051:SL128113(A)|C:T|R:Q;B|1061:SL128066(A)|C:T|R:Q;B|2056:SL128087(U)|C:T|R:Q;B|2073:MH0160147(A)|C:T|R:Q;B|2102:MH0181202(U),2102:MH0181203(A)|C:T|R:Q",0.0319,0.0357,B,T
,,,,,,,,,,,,,,,,,,,,,,,,,,,,SNP,1.88,"42|0.602061074398765;23|0.602060009555289;0-22,24-41,43,45-46|0;44|-1.02327641183878",40541528,11,T|D,N|30|^:^|^:^;N|36|^:^|^:^;N|78|^:^|^:^;N|103|^:^|^:^;N|123|^:^|^:^;B|141-142|C:T|G:D;B|148|C:T|G:D,"B|2079:MH0161789(U),2079:MH0161794(A)|C:T|G:D;B|2088:MH0186896(A)|C:T|G:D",0.0059,0.0059,B,T
,,,,,,,,,,,,,,,,,,,,,,,,,,,,SNP,7.81,"42|0.602061074398765;23|0.602060009555289;0-22,24-41,43,45-46|0;44|-1.02327641183878",40554705,8,T,"N|30|^:^;N|36|^:^;N|74|C:C;B|76-77|C:T;N|78|^:^;B|92,94|C:T;N|103|^:^;N|123|^:^;N|127|^:^","|30|^:^;|36|^:^;|74|C:C;|76-77|C:T;|78|^:^;|92,94|C:T;|103|^:^;|123|^:^;|127|^:^",NA,NA,NA,NA
