CMD, VAAST -m pvaast --enable_splice_sites y -r 0.05 --region /mnt/san/xing/brz_wgs/VAAST_JUN_3/ADHD.bed -pv_control /mnt/san/xing/brz_wgs/VAAST_JUN_3/CTL/ADHD_dominant.ctl -o /mnt/san/xing/brz_wgs/VAAST_JUN_3/Result/ADHD_DOM/ADHD_DOM /nfs/XingLab_ISI/TS_Exome_Yale/VAAST/Data/refGene_hg19.gff3 /mnt/san/xing/brz_wgs/VAAST_JUN_3/bg_gtex.cdr -d 2000 -min_suc 50 -p 32 -o /mnt/san/xing/brz_wgs/VAAST_JUN_3/Result/ADHD_DOM/ADHD_DOM-run1 -max_time 300
Rank,Gene,FullName,Found in Pathway,mRNA,Chr,Score,PValue,LOD_Score,LOD_PValue,Strand,StandardName,Start,End,Description,Type,Synonym,pLI,ASD,ADHD,Textmining,Experiments,Knowledge,MousePheno,TissueML,GTEx,BrainSpan,#ofVar,VarType,VarScore,VarLODScore,VarPosition,nAllele,Ref,GenoType
1,FCGBP,Homo sapiens Fc fragment of IgG binding protein (FCGBP) mRNA.,Neurological system process,NM_003890,chr19,170.90,1e-06,0.11,9e-01,-,FCGBP,39863323,39934626,Fc fragment of IgG binding protein,protein_coding,FC(GAMMA)BP,NA,0,0,1.81:Von Willebrand's disease 2|1.66:Colitis|1.65:Von Willebrand's disease 3|1.64:Von Willebrand's disease 1|1.50:Cancer,NA,NA,Infinity:abnormal eye morphology|Infinity:abnormal seminal vesicle morphology,NA,184.11:Thyroid|181.39:Colon - Transverse|118.51:Small Intestine - Terminal Ileum|52.74:Minor Salivary Gland|15.22:Artery - Aorta|13.82:Skin - Not Sun Exposed (Suprapubic)|12.47:Skin - Sun Exposed (Lower leg)|11.62:Artery - Coronary|10.86:Kidney - Medulla|9.89:Adrenal Gland|7.04:Stomach|5.76:Testis|5.57:Nerve - Tibial|5.37:Adipose - Subcutaneous|4.56:Cervix - Endocervix|4.50:Artery - Tibial|4.47:Fallopian Tube|3.91:Ovary|3.30:Pituitary|3.20:Prostate|2.94:Adipose - Visceral (Omentum)|2.68:Colon - Sigmoid|2.67:Esophagus - Mucosa|2.53:Breast - Mammary Tissue|2.47:Lung|2.30:Bladder|2.25:Pancreas|2.18:Kidney - Cortex|2.18:Vagina|2.05:Spleen|1.73:Uterus|1.57:Brain - Spinal cord (cervical c-1)|1.13:Brain - Substantia nigra|1.03:Brain - Hypothalamus|0.98:Heart - Atrial Appendage|0.88:Brain - Nucleus accumbens (basal ganglia)|0.86:Brain - Caudate (basal ganglia)|0.85:Brain - Hippocampus|0.78:Brain - Putamen (basal ganglia)|0.75:Brain - Amygdala|0.74:Cervix - Ectocervix|0.58:Esophagus - Muscularis|0.58:Brain - Cortex|0.56:Brain - Anterior cingulate cortex (BA24)|0.53:Brain - Frontal Cortex (BA9)|0.48:Liver|0.46:Brain - Cerebellum|0.43:Esophagus - Gastroesophageal Junction|0.43:Brain - Cerebellar Hemisphere|0.40:Cells - EBV-transformed lymphocytes|0.39:Whole Blood|0.32:Heart - Left Ventricle|0.26:Cells - Cultured fibroblasts|0.16:Muscle - Skeletal,"0.76:occipital neocortex|0.58:temporal neocortex|0.56:parietal neocortex|0.27:hippocampus (hippocampal formation)|0.25:cerebellum|0.18:primary motor-sensory cortex (samples)|0.18:striatum|0.18:amygdaloid complex|0.18:primary visual cortex (striate cortex, area V1/17)|0.15:anterior (rostral) cingulate (medial prefrontal) cortex|0.14:mediodorsal nucleus of thalamus|0.14:posterior (caudal) superior temporal cortex (area 22c)|0.13:dorsolateral prefrontal cortex|0.12:orbital frontal cortex|0.12:posteroventral (inferior) parietal cortex|0.11:caudal ganglionic eminence|0.11:cerebellar cortex|0.11:inferolateral temporal cortex (area TEv, area 20)|0.11:primary somatosensory cortex (area S1, areas 3,1,2)|0.11:ventrolateral prefrontal cortex|0.10:upper (rostral) rhombic lip|0.10:primary motor cortex (area M1, area 4)|0.10:primary auditory cortex (core)|0.09:lateral ganglionic eminence|0.06:medial ganglionic eminence|0.06:dorsal thalamus",11,SNP,13.89,0-46|0.00,40368330,NA,C|E,"N|2|C:T|E:K;N|4|^:^|^:^;N|9|^:^|^:^;N|26|^:^|^:^;N|33|C:T|E:K;N|30-31|^:^|^:^;N|34|^:^|^:^;N|38|C:T|E:K;N|41|^:^|^:^;N|43-44,46|C:T|E:K;N|42,45|^:^|^:^;N|52-53|C:T|E:K;N|50|^:^|^:^;N|55|C:T|E:K;N|60,62|C:T|E:K;N|64-65|C:T|E:K;N|67|^:^|^:^;N|73,75-76|C:T|E:K;N|78|C:T|E:K;N|82|C:T|E:K;N|79|^:^|^:^;N|83|^:^|^:^;N|86,91|C:T|E:K;N|87-88,90|^:^|^:^;N|104|C:T|E:K;N|107|^:^|^:^;N|108|^:^|^:^;N|111|^:^|^:^;N|112|^:^|^:^;N|116|C:T|E:K;N|117|^:^|^:^;N|118|C:T|E:K;N|119-120|^:^|^:^;N|125|C:T|E:K;N|126|^:^|^:^;N|129|C:T|E:K;N|128|^:^|^:^;N|142-143|^:^|^:^;N|146|^:^|^:^;N|150-151,153|^:^|^:^;N|154,156-157|C:T|E:K;N|155|^:^|^:^;N|164-165|C:T|E:K;N|163,169,171|^:^|^:^"
,,,,,,,,,,,,SNP,3.13,0-46|0.00,40373993,NA,C|G,"N|6|^:^|^:^;N|23|^:^|^:^;N|25-26|^:^|^:^;N|30|^:^|^:^;N|34|^:^|^:^;N|37|^:^|^:^;N|40|^:^|^:^;N|41|^:^|^:^;N|42-44,46|^:^|^:^;N|54|^:^|^:^;N|57|^:^|^:^;N|62|^:^|^:^;N|63|^:^|^:^;N|66,68|C:G|G:R;N|76|^:^|^:^;N|78|^:^|^:^;N|83|^:^|^:^;N|86,91|^:^|^:^;N|107|^:^|^:^;N|108|^:^|^:^;N|126|^:^|^:^;N|128-129|^:^|^:^;N|132|^:^|^:^;N|142-144|^:^|^:^;N|153|^:^|^:^;N|154,156-158|^:^|^:^"
,,,,,,,,,,,,SNP,6.83,0-46|0.00,40376811,NA,C|G,"N|3-4|C:T|G:R;N|15|C:T|G:R;N|14|^:^|^:^;N|20,23|C:T|G:R;N|21|^:^|^:^;N|24-25,27-29|C:T|G:R;N|26|^:^|^:^;N|30|^:^|^:^;N|34|^:^|^:^;N|37-39|C:T|G:R;N|35-36|^:^|^:^;N|40|C:T|G:R;N|41|^:^|^:^;N|58-59|C:T|G:R;N|57|^:^|^:^;N|60|^:^|^:^;N|71|C:T|G:R;N|75|^:^|^:^;N|78|^:^|^:^;N|83|^:^|^:^;N|92,95|C:T|G:R;N|98|C:T|G:R;N|97|^:^|^:^;N|101-102|^:^|^:^;N|106-107|^:^|^:^;N|108|^:^|^:^;N|113|C:T|G:R;N|127|C:T|G:R;N|129|C:T|G:R;N|128|^:^|^:^;N|132|^:^|^:^;N|134,136|C:T|G:R;N|140|C:T|G:R;N|141|^:^|^:^;N|147|C:T|G:R;N|146,149|^:^|^:^;N|153|C:T|G:R;N|152|^:^|^:^;N|157|^:^|^:^;N|159|^:^|^:^"
,,,,,,,,,,,,SNP,0.90,0-46|0.00,40384035,NA,G|A,"N|1-2,4|A:G|V:A;N|0|^:^|^:^;N|30|^:^|^:^;N|34|^:^|^:^;N|41|^:^|^:^;N|43|^:^|^:^;N|83|^:^|^:^;N|100,102|A:G|V:A;N|108|^:^|^:^;N|112|^:^|^:^;N|115|^:^|^:^;N|128|^:^|^:^;N|132|^:^|^:^"
,,,,,,,,,,,,SNP,1.69,0-46|0.00,40384134,NA,A|V,"N|30|^:^|^:^;N|34|^:^|^:^;N|41|^:^|^:^;N|83|^:^|^:^;N|94,96|A:C|V:G;N|108|^:^|^:^;N|128|^:^|^:^;N|132|^:^|^:^;N|146,148-149|A:C|V:G"
,,,,,,,,,,,,SNP,50.88,0-46|0.00,40384589,NA,C|E,"N|1|C:T|E:K;N|0,2,4|^:^|^:^;N|5|^:^|^:^;N|8-11|^:^|^:^;N|20-21|^:^|^:^;N|25-26|^:^|^:^;N|31,33|C:T|E:K;N|30,32|^:^|^:^;N|34|^:^|^:^;N|38|C:T|E:K;N|35-37|^:^|^:^;N|40|^:^|^:^;N|41|^:^|^:^;N|45|C:T|E:K;N|42-44,46|^:^|^:^;N|49|^:^|^:^;N|52-53|C:T|E:K;N|50-51|^:^|^:^;N|54-55|C:T|E:K;N|57-58|^:^|^:^;N|60|C:T|E:K;N|62|^:^|^:^;N|64-65|C:T|E:K;N|63|^:^|^:^;N|67|C:T|E:K;N|69-70|^:^|^:^;N|76|C:T|E:K;N|73-75,77|^:^|^:^;N|78|^:^|^:^;N|79,82|C:T|E:K;N|80|^:^|^:^;N|83-84|^:^|^:^;N|86-87,90|C:T|E:K;N|88,91|^:^|^:^;N|92-93,95|^:^|^:^;N|100-102|^:^|^:^;N|107|C:T|E:K;N|104|^:^|^:^;N|108|^:^|^:^;N|111|C:T|E:K;N|114|C:T|E:K;N|112|^:^|^:^;N|116-117|C:T|E:K;N|115|^:^|^:^;N|118-120|C:T|E:K;N|125-126|C:T|E:K;N|124|^:^|^:^;N|128-129|^:^|^:^;N|130,132|^:^|^:^;N|137-141|^:^|^:^;N|142-145|^:^|^:^;N|146,148-149|^:^|^:^;N|150-153|^:^|^:^;N|154-158|^:^|^:^;N|159-162|^:^|^:^;N|163-171|^:^|^:^"
,,,,,,,,,,,,SNP,48.80,0-46|0.00,40392496,NA,C|G,"N|3-4|C:T|G:R;N|8,11|^:^|^:^;N|15|C:T|G:R;N|14|^:^|^:^;N|20|C:T|G:R;N|21,23|^:^|^:^;N|24-29|C:T|G:R;N|30|^:^|^:^;N|34|^:^|^:^;N|35-36,38-39|C:T|G:R;N|37|^:^|^:^;N|40|C:T|G:R;N|41|^:^|^:^;N|57-58|C:T|G:R;N|59|^:^|^:^;N|71|C:T|G:R;N|70|^:^|^:^;N|83|^:^|^:^;N|90|^:^|^:^;N|95|C:T|G:R;N|92|^:^|^:^;N|97-98|C:T|G:R;N|102|C:T|G:R;N|100-101|^:^|^:^;N|106|C:T|G:R;N|108|^:^|^:^;N|109|^:^|^:^;N|113|C:T|G:R;N|127|C:T|G:R;N|124|^:^|^:^;N|129|C:T|G:R;N|128|^:^|^:^;N|130-131|C:T|G:R;N|132|^:^|^:^;N|134-136|C:T|G:R;N|141|C:T|G:R;N|140|^:^|^:^;N|149|C:T|G:R;N|147-148|^:^|^:^;N|153|C:T|G:R;N|152|^:^|^:^;N|159,162|^:^|^:^;N|163|^:^|^:^"
,,,,,,,,,,,,SNP,24.48,0-46|0.00,40392588,NA,C|S,"N|5-7|C:T|S:N;N|13|C:T|S:N;N|14|C:T|S:N;N|18|C:T|S:N;N|20,22|C:T|S:N;N|30|^:^|^:^;N|34|^:^|^:^;N|40|C:T|S:N;N|41|^:^|^:^;N|53|C:T|S:N;N|56|C:T|S:N;N|58|C:T|S:N;N|61|C:T|S:N;N|68|C:T|S:N;N|75-77|C:T|S:N;N|74|^:^|^:^;N|80-82|C:T|S:N;N|83|^:^|^:^;N|86-87,89-90|C:T|S:N;N|88|^:^|^:^;N|108|^:^|^:^;N|109|^:^|^:^;N|112-113|C:T|S:N;N|115-116|C:T|S:N;N|122|C:T|S:N;N|128|^:^|^:^;N|133|C:T|S:N;N|132|T:T|N:N;N|137-139|C:T|S:N;N|143-145|C:T|S:N;N|142|^:^|^:^;N|146,148|C:T|S:N;N|154,158|C:T|S:N;N|160,162|C:T|S:N"
,,,,,,,,,,,,SNP,1.65,0-46|0.00,40396294,NA,C|R,"N|0|^:^|^:^;N|5|^:^|^:^;N|8,11|^:^|^:^;N|16|^:^|^:^;N|17,19|^:^|^:^;N|30,32|^:^|^:^;N|34|^:^|^:^;N|35-36|^:^|^:^;N|41|^:^|^:^;N|49|^:^|^:^;N|50-51|^:^|^:^;N|60|^:^|^:^;N|65|^:^|^:^;N|66-67|^:^|^:^;N|69-70,72|^:^|^:^;N|77|^:^|^:^;N|83|^:^|^:^;N|86-88,90-91|C:T|R:H;N|94,96|^:^|^:^;N|100-101,103|^:^|^:^;N|104|^:^|^:^;N|108|^:^|^:^;N|111|C:T|R:H;N|109-110|^:^|^:^;N|116|C:T|R:H;N|121,123|^:^|^:^;N|124|^:^|^:^;N|128|^:^|^:^;N|130,132|^:^|^:^;N|146,148|^:^|^:^;N|150-151,153|C:T|R:H;N|167-171|^:^|^:^"
,,,,,,,,,,,,SNP,2.23,"43|0.11;0-42,44-46|0.00",40411646,NA,T|K,"N|30|^:^|^:^;N|34|^:^|^:^;N|37|^:^|^:^;N|41|^:^|^:^;N|83|^:^|^:^;N|101|^:^|^:^;N|104|^:^|^:^;N|108|^:^|^:^;N|128|^:^|^:^;N|132|^:^|^:^;N|144|^:^|^:^;N|151-152|G:T|Q:K;N|163,169|^:^|^:^"
,,,,,,,,,,,,SNP,1.47,0-46|0.00,40433200,NA,C|V,N|18-19|C:T|V:M;N|30|^:^|^:^;N|34|^:^|^:^;N|41|^:^|^:^;N|83|^:^|^:^;N|108|^:^|^:^;N|128|^:^|^:^;N|156|^:^|^:^
2,USP6,Homo sapiens ubiquitin specific peptidase 6 (Tre-2 oncogene) (USP6) mRNA.,,NM_004505,chr17,155.57,1e-06,0.07,5e-01,+,USP6,5116032,5175032,ubiquitin specific peptidase 6,protein_coding,"HRP1,Tre-2,TRE17,TRE2,TRESMCR,USP6-short",0.00,0,0,3.31:Pseudosarcomatous fibromatosis|2.82:Fibroosseous pseudotumor of digits|2.59:Myositis ossificans|2.41:Osteoblastoma|2.33:Ischemic fasciitis|2.23:Fibrous dysplasia|2.09:Fibroma|1.92:Cancer|1.84:Proliferative fasciitis|1.77:Ossifying fibroma|1.62:Cherubism,0.98:Carcinoma|0.54:Kidney cancer,4.00:Cancer,NA,NA,31.10:Testis|9.17:Muscle - Skeletal|3.82:Ovary|1.11:Pituitary|1.06:Thyroid|0.91:Breast - Mammary Tissue|0.86:Brain - Cerebellar Hemisphere|0.80:Prostate|0.79:Brain - Cerebellum|0.71:Kidney - Medulla|0.67:Brain - Spinal cord (cervical c-1)|0.66:Nerve - Tibial|0.65:Cervix - Endocervix|0.61:Minor Salivary Gland|0.60:Fallopian Tube|0.56:Adipose - Subcutaneous|0.56:Uterus|0.54:Spleen|0.49:Cervix - Ectocervix|0.47:Lung|0.47:Skin - Sun Exposed (Lower leg)|0.43:Brain - Hypothalamus|0.41:Small Intestine - Terminal Ileum|0.39:Brain - Cortex|0.39:Brain - Frontal Cortex (BA9)|0.38:Brain - Hippocampus|0.38:Colon - Sigmoid|0.38:Vagina|0.38:Brain - Nucleus accumbens (basal ganglia)|0.35:Brain - Caudate (basal ganglia)|0.35:Brain - Substantia nigra|0.32:Esophagus - Gastroesophageal Junction|0.31:Bladder|0.31:Esophagus - Muscularis|0.30:Brain - Anterior cingulate cortex (BA24)|0.29:Brain - Amygdala|0.28:Skin - Not Sun Exposed (Suprapubic)|0.28:Brain - Putamen (basal ganglia)|0.28:Kidney - Cortex|0.28:Colon - Transverse|0.27:Artery - Coronary|0.26:Adipose - Visceral (Omentum)|0.25:Cells - EBV-transformed lymphocytes|0.22:Artery - Aorta|0.20:Adrenal Gland|0.19:Artery - Tibial|0.19:Stomach|0.18:Cells - Cultured fibroblasts|0.18:Esophagus - Mucosa|0.15:Heart - Atrial Appendage|0.13:Pancreas|0.10:Liver|0.07:Heart - Left Ventricle|0.05:Whole Blood,"0.43:lateral ganglionic eminence|0.42:medial ganglionic eminence|0.39:temporal neocortex|0.28:occipital neocortex|0.22:parietal neocortex|0.20:upper (rostral) rhombic lip|0.19:cerebellum|0.14:primary motor-sensory cortex (samples)|0.10:caudal ganglionic eminence|0.09:striatum|0.08:cerebellar cortex|0.08:hippocampus (hippocampal formation)|0.08:primary auditory cortex (core)|0.08:anterior (rostral) cingulate (medial prefrontal) cortex|0.07:amygdaloid complex|0.07:dorsal thalamus|0.07:primary visual cortex (striate cortex, area V1/17)|0.07:dorsolateral prefrontal cortex|0.07:inferolateral temporal cortex (area TEv, area 20)|0.06:ventrolateral prefrontal cortex|0.06:posterior (caudal) superior temporal cortex (area 22c)|0.06:posteroventral (inferior) parietal cortex|0.06:orbital frontal cortex|0.05:primary somatosensory cortex (area S1, areas 3,1,2)|0.05:primary motor cortex (area M1, area 4)|0.05:mediodorsal nucleus of thalamus",9,SNP,5.22,0-46|0.00,5036249,NA,G|M,"N|0,2,4|G:T|M:I;N|50,52-53|G:T|M:I;N|100,102|G:T|M:I;N|112-113|G:T|M:I;N|138-139|G:T|M:I"
,,,,,,,,,,,,SNP,5.53,"37|0.07;0-36,38-46|0.00",5036272,NA,A|K,N|129|A:C|K:T
,,,,,,,,,,,,SNP,23.62,0-46|0.00,5036748,NA,G|R,"N|0-1|G:T|R:L;N|4|^:^|^:^;N|7|^:^|^:^;N|10-12|^:^|^:^;N|20|G:T|R:L;N|22|^:^|^:^;N|30-31|^:^|^:^;N|35|G:T|R:L;N|37|^:^|^:^;N|40|G:T|R:L;N|41|^:^|^:^;N|43-46|^:^|^:^;N|52|^:^|^:^;N|55-56|^:^|^:^;N|57-58|^:^|^:^;N|60-62|^:^|^:^;N|65|G:T|R:L;N|63|^:^|^:^;N|75-76|G:T|R:L;N|74|^:^|^:^;N|85|G:T|R:L;N|83|^:^|^:^;N|86|G:T|R:L;N|87|^:^|^:^;N|92|^:^|^:^;N|97|^:^|^:^;N|102|G:T|R:L;N|100-101,103|^:^|^:^;N|105-106|^:^|^:^;N|109|^:^|^:^;N|113|G:T|R:L;N|112,114|^:^|^:^;N|117|^:^|^:^;N|121-122|^:^|^:^;N|124,127|^:^|^:^;N|132|^:^|^:^;N|136|^:^|^:^;N|137-139|^:^|^:^;N|144|G:T|R:L;N|142,145|^:^|^:^;N|146|G:T|R:L;N|148-149|^:^|^:^;N|150,153|^:^|^:^;N|155-158|^:^|^:^;N|159|^:^|^:^;N|166,168,170-171|^:^|^:^"
,,,,,,,,,,,,SNP,10.03,0-46|0.00,5036780,NA,G|G,N|30-32|G:T|G:C;N|167|^:^|^:^
,,,,,,,,,,,,SNP,6.80,0-46|0.00,5036784,NA,C|P,"N|0-1|^:^|^:^;N|5,7|^:^|^:^;N|11|C:T|P:L;N|12|^:^|^:^;N|20|C:T|P:L;N|24-25,29|^:^|^:^;N|30-32|^:^|^:^;N|34|^:^|^:^;N|37|C:T|P:L;N|35,38|^:^|^:^;N|40|C:T|P:L;N|41|^:^|^:^;N|42-43,46|^:^|^:^;N|50|^:^|^:^;N|55|^:^|^:^;N|58|^:^|^:^;N|62|^:^|^:^;N|69|^:^|^:^;N|76|C:T|P:L;N|80,82|^:^|^:^;N|83|C:T|P:L;N|84-85|^:^|^:^;N|86-88|^:^|^:^;N|92-93|^:^|^:^;N|98|^:^|^:^;N|105-106|^:^|^:^;N|108|^:^|^:^;N|112|^:^|^:^;N|117|^:^|^:^;N|119|C:T|P:L;N|120|^:^|^:^;N|121-122|^:^|^:^;N|124|^:^|^:^;N|132-133|^:^|^:^;N|136|^:^|^:^;N|137-139,141|^:^|^:^;N|144|^:^|^:^;N|146,148-149|^:^|^:^;N|150-153|^:^|^:^;N|155,157-158|^:^|^:^;N|159-160|^:^|^:^;N|164,166,168,170|^:^|^:^"
,,,,,,,,,,,,SNP,9.56,0-46|0.00,5036823,NA,T|L,"N|0-1|^:^|^:^;N|11|C:T|S:L;N|9-10|^:^|^:^;N|18|^:^|^:^;N|20,23|C:T|S:L;N|21|^:^|^:^;N|24-25,28|^:^|^:^;N|30,32-33|^:^|^:^;N|37|C:T|S:L;N|36,38|^:^|^:^;N|40|^:^|^:^;N|42,44-45|C:T|S:L;N|43|^:^|^:^;N|47,49|^:^|^:^;N|50|C:T|S:L;N|51|^:^|^:^;N|57-58|^:^|^:^;N|62|C:T|S:L;N|67|^:^|^:^;N|69,72|^:^|^:^;N|76-77|C:T|S:L;N|73|^:^|^:^;N|79-80,82|^:^|^:^;N|83,85|^:^|^:^;N|88|C:T|S:L;N|86-87,89-91|^:^|^:^;N|92-93|C:T|S:L;N|97-98|^:^|^:^;N|103|C:T|S:L;N|100-101|^:^|^:^;N|105,107|C:T|S:L;N|104|^:^|^:^;N|112-114|^:^|^:^;N|118,120|^:^|^:^;N|121|^:^|^:^;N|124,127|^:^|^:^;N|131-132|^:^|^:^;N|135-136|C:T|S:L;N|138|C:T|S:L;N|137,141|^:^|^:^;N|144|C:T|S:L;N|143|^:^|^:^;N|146,148-149|^:^|^:^;N|151|^:^|^:^;N|157|C:T|S:L;N|154-155,158|^:^|^:^;N|160,162|^:^|^:^;N|170|C:T|S:L;N|164-166,168-169,171|^:^|^:^"
,,,,,,,,,,,,SNP,21.02,0-46|0.00,5037281,NA,T|Y,"N|0|^:^|^:^;N|24-26,28-29|C:T|H:Y;N|34|C:T|H:Y;N|52-53|C:T|H:Y;N|56|C:T|H:Y;N|66,68|C:T|H:Y;N|69,72|C:T|H:Y;N|80,82|C:T|H:Y;N|117|C:T|H:Y;N|135|C:T|H:Y;N|139-141|C:T|H:Y;N|144|^:^|^:^;N|148|C:T|H:Y;N|150|^:^|^:^;N|164,166,169,171|C:T|H:Y"
,,,,,,,,,,,,SNP,55.95,0-46|0.00,5042837,NA,C|R,"N|5-6|C:T|R:W;N|9|C:T|R:W;N|21-22|C:T|R:W;N|25|^:^|^:^;N|30|C:T|R:W;N|41|C:T|R:W;N|48-49|C:T|R:W;N|58|C:T|R:W;N|63-64|C:T|R:W;N|70,72|C:T|R:W;N|73-74,77|C:T|R:W;N|92-96|C:T|R:W;N|100-102|C:T|R:W;N|115,117|C:T|R:W;N|134-135|C:T|R:W;N|138,141|C:T|R:W;N|142,145|C:T|R:W;N|146,148-149|C:T|R:W;N|154|^:^|^:^;N|163,165-167,170|C:T|R:W"
,,,,,,,,,,,,SNP,19.52,0-46|0.00,5072134,NA,C|R,"N|17,19|C:T|R:W;N|45|C:T|R:W;N|101|^:^|^:^;N|104,107|C:T|R:W;N|116|C:T|R:W"
